faculty_url,faculty_name,lab_name,lab_url,evidence_snippet
https://cs.illinois.edu/about/people/all-faculty/zaher,Tarek Abdelzaher,CyPhy Group,https://abdelzaher.cs.illinois.edu/,"Social Sensing
Charu Aggarwal and Tarek Abdelzaher
Managing and Mining Sensor Data, Springer, 2013."
https://cs.illinois.edu/about/people/all-faculty/radler,Rachel F. Adler,Human Computer Interaction Lab,,Co-Director on a Department of Education EIR grant to increase teacher training in CS in Waukegan School District 60.
https://cs.illinois.edu/about/people/all-faculty/radler,Rachel F. Adler,Accessibility and Educational Technology Lab,,Co-Director on a Department of Education EIR grant to increase teacher training in CS in Waukegan School District 60.
https://cs.illinois.edu/about/people/all-faculty/sadve,Sarita V. Adve,IMMERSE Center for Immersive Computing,,"Her current research is on generalizable and scalable specialization for domain-specific systems, with a focus on systems for extended reality or XR (including virtual, augmented, and mixed reality)."
https://cs.illinois.edu/about/people/all-faculty/vadve,Vikram S. Adve,Center for Digital Agriculture,,I co-founded and co-lead the Center for Digital Agriculture at UIUC. CDA is a campus-level organization that brings together multidisciplinary teams of researchers and educators...
https://cs.illinois.edu/about/people/all-faculty/vadve,Vikram S. Adve,AIFARMS Institute,,I co-founded and co-lead the Center for Digital Agriculture at UIUC. CDA is a campus-level organization that brings together multidisciplinary teams of researchers and educators...
https://cs.illinois.edu/about/people/all-faculty/saksham,Saksham Agarwal,Computer Architecture Lab,,"Saksham Agarwal | Assistant Professor, Electrical and Computer Engineering"
https://cs.illinois.edu/about/people/all-faculty/saksham,Saksham Agarwal,Networking Systems Lab,,"Saksham Agarwal | Assistant Professor, Electrical and Computer Engineering"
https://cs.illinois.edu/about/people/all-faculty/alabid,Daniel Alabi,Electrical and Computer Engineering Department,,I am an assistant professor in the Electrical and Computer Engineering Department at the University of Illinois at Urbana-Champaign.
https://cs.illinois.edu/about/people/all-faculty/alabid,Daniel Alabi,Coordinated Science Lab,,I am an assistant professor in the Electrical and Computer Engineering Department at the University of Illinois at Urbana-Champaign.
https://cs.illinois.edu/about/people/all-faculty/alabid,Daniel Alabi,Siebel School of Computing and Data Science,,I am an assistant professor in the Electrical and Computer Engineering Department at the University of Illinois at Urbana-Champaign.
https://cs.illinois.edu/about/people/all-faculty/ramn,Ram Alagappan,Distributed And Storage Systems Laboratory (DASSL),,"I am a computer systems researcher. My work builds modern systems and data infrastructure that are more reliable, efficient, and fast. My research spans storage, memory, and distributed systems, with an emphasis on building principled yet practical abstractions and designs that keep them reliable and fast."
https://cs.illinois.edu/about/people/all-faculty/namato,Nancy M. Amato,Parasol Lab,,"Amato's current research focus for robotics is exploring task planning and interaction in dynamic multi-robot systems, including collaboration with other robots and humans."
https://cs.illinois.edu/about/people/all-faculty/angrave,Lawrence Angrave,Universal Design for Learning (UDL) and Accessibility Research Group,,"Research Interests: Accessible Education, Effective computer science instruction at scale"
https://cs.illinois.edu/about/people/all-faculty/taugust,Tal August,Human-Computer Interaction Lab,,Tal August's research is at the intersection of human computer interaction and natural language processing. He studies ways to personalize language to different people and builds tools to make this language adaptation automatic.
https://cs.illinois.edu/about/people/all-faculty/taugust,Tal August,Natural Language Processing Lab,,Tal August's research is at the intersection of human computer interaction and natural language processing. He studies ways to personalize language to different people and builds tools to make this language adaptation automatic.
https://cs.illinois.edu/about/people/all-faculty/bpbailey,Brian Bailey,Interactive Computing,,Brian Bailey's research group page
https://cs.illinois.edu/about/people/all-faculty/arindamb,Arindam Banerjee,Banerjee Lab,,"Research Areas: Artificial Intelligence, Data and Information Systems"
https://cs.illinois.edu/about/people/all-faculty/mnb,Masooda N Bashir,School of Information Sciences,,Research Areas: Computers and Education
https://cs.illinois.edu/about/people/all-faculty/batesa,Adam Bates,Secure & Transparent Systems Laboratory,,"Research Interests: Intrusion Detection Systems, Digital Privacy in Everyday User Technologies, Threat Detection, Investigation, & Response."
https://cs.illinois.edu/about/people/all-faculty/spbhat2,Suma Bhat,ILEARN group,,"Research Interests: Natural Language Processing, Human-AI Interaction, Computational social science"
https://cs.illinois.edu/about/people/all-faculty/spbhat2,Suma Bhat,Coordinated Science Laboratory,,"Research Interests: Natural Language Processing, Human-AI Interaction, Computational social science"
https://cs.illinois.edu/about/people/all-faculty/clblake,Catherine Lesley Blake,Health Innovation Faculty,,"Professor, Information Sciences"
https://cs.illinois.edu/about/people/all-faculty/tbretl,Timothy Bretl,Bretl Robotics Lab,,"Research Interests: rehabilitation robotics (upper- and lower-limb prosthetic devices), brain-machine interfaces, optimal control, robotic manipulation, motion planning, theoretical and algorithmic foundations of robotics and automation."
https://cs.illinois.edu/about/people/all-faculty/mcaccamo,Marco Caccamo,Real-Time and Embedded Systems Laboratory,https://rtsl.cps.mw.tum.de/,"His current research addresses the complexities of integrating artificial intelligence (specifically Reinforcement Learning) with high-performance, heterogeneous multicore embedded hardware."
https://cs.illinois.edu/about/people/all-faculty/caesar,Matthew Caesar,Systems and Networking Lab,,"My research focuses on the design, analysis, and implementation of distributed systems and networks on the extremely large scale, with an emphasis on network operations, measurement, and availability."
https://cs.illinois.edu/about/people/all-faculty/cappello,Franck Cappello,Mathematics and Computer Science Division at Argonne National Laboratory,,"Current Responsibilities Lead of AuroraGPT Evaluation Group Since January 2024 Responsible for overseeing the design and development of evaluation methods, including benchmarks (MCQs, Open Responses, Chain of thoughts, etc.) and other measurement techniques."
https://cs.illinois.edu/about/people/all-faculty/cappello,Franck Cappello,JLESC Joint-Laboratory on Extreme Scale Computing,,"Current Responsibilities Lead of AuroraGPT Evaluation Group Since January 2024 Responsible for overseeing the design and development of evaluation methods, including benchmarks (MCQs, Open Responses, Chain of thoughts, etc.) and other measurement techniques."
https://cs.illinois.edu/about/people/all-faculty/chackoge,George Chacko,"Center for Scientific Review, National Institutes of Health",,My scientific interests are presently centered around community finding techniques that assist understanding the structure of research communities that form around scientific questions.
https://cs.illinois.edu/about/people/all-faculty/chackoge,George Chacko,Grainger College of Engineering,,My scientific interests are presently centered around community finding techniques that assist understanding the structure of research communities that form around scientific questions.
https://cs.illinois.edu/about/people/all-faculty/challen,Geoffrey Challen,Mobile Systems Research Group,,Data Fidelity and Resource Management for Data-Rich Sensor Networks
https://cs.illinois.edu/about/people/all-faculty/challen,Geoffrey Challen,Wireless Sensor Networks Lab,,Data Fidelity and Resource Management for Data-Rich Sensor Networks
https://cs.illinois.edu/about/people/all-faculty/karthe,Karthekeyan Chandrasekaran,Algorithms Group,,"Research Interests: Combinatorial Optimization, Algorithms, Math Programming, Probabilistic Methods"
https://cs.illinois.edu/about/people/all-faculty/karthe,Karthekeyan Chandrasekaran,Combinatorial Optimization Lab,,"Research Interests: Combinatorial Optimization, Algorithms, Math Programming, Probabilistic Methods"
https://cs.illinois.edu/about/people/all-faculty/varunc,Varun Chandrasekaran,Chandrasekaran Research Group,https://chandrasekaran-group.github.io/,"Specifically, my work focuses on understanding what private information can be inferred through interactions with machine learning models."
https://cs.illinois.edu/about/people/all-faculty/eshwar,Eshwar Chandrasekharan,Interactive Computing,,"My research intersects with Social Computing, Computational Social Science, HCI, NLP, and Human-Centered AI. Using a combination of computational techniques and social computing theories, my recent work has focused on building technologies to make the Internet safer and more welcoming."
https://cs.illinois.edu/about/people/all-faculty/kcchang,Kevin Chen-Chuan Chang,FORWARD Data Lab,,"I lead the FORWARD Data Lab group, which is part of the larger Data and Information Systems Laboratories, at the CS department of UIUC. Our research overall aims at bridging structured and unstructured data — to bring structured/semantic-rich access to the myriad and massive unstructured data which accounts for most of the world’s information."
https://cs.illinois.edu/about/people/all-faculty/kcchang,Kevin Chen-Chuan Chang,Data and Information Systems Laboratories,,"I lead the FORWARD Data Lab group, which is part of the larger Data and Information Systems Laboratories, at the CS department of UIUC. Our research overall aims at bridging structured and unstructured data — to bring structured/semantic-rich access to the myriad and massive unstructured data which accounts for most of the world’s information."
https://cs.illinois.edu/about/people/all-faculty/chekuri,Sanjeev Chekuri,Algorithms Research Group,,"Research Interests and Publications: theoretical computer science, design and analysis of algorithms, discrete and combinatorial optimization, approximation algorithms, mathematical programming, graphs, networks, submodularity, algorithmic applications."
https://cs.illinois.edu/about/people/all-faculty/dchen,Deming Chen,Chen Lab,,"the research group led by Prof. Chen mainly pursues the following research directions: system-level and high-level design automation, machine learning and cognitive computing, hybrid cloud, hardware/software co-design, and FPGA and GPU computing."
https://cs.illinois.edu/about/people/all-faculty/echitamb,Eric Chitambar,Quantum Information Processing Lab,,"Courses Taught: ECE 404 - Quantum Information Theory, ECE 305: Quantum Information Systems I"
https://cs.illinois.edu/about/people/all-faculty/girishc,Girish Chowdhary,Field Robotics Lab,,"Girish's ongoing research interest is in theoretical insights and practical algorithms for adaptive autonomy, with a particular application focus on field-robotics and Unmanned Aerial Systems (UAS)."
https://cs.illinois.edu/about/people/all-faculty/girishc,Girish Chowdhary,Unmanned Aerial Systems Lab,,"Girish's ongoing research interest is in theoretical insights and practical algorithms for adaptive autonomy, with a particular application focus on field-robotics and Unmanned Aerial Systems (UAS)."
https://cs.illinois.edu/about/people/all-faculty/katcun,Katie Cunningham,Computers and Education Research,,"Using methods from human-computer interaction in the context of computer science education, my research aligns computing learning opportunities with students' goals and identity, with a long-term aim of broadening pathways to computing education at the college level."
https://cs.illinois.edu/about/people/all-faculty/dalpiaz2,David M Dalpiaz,Siebel School of Computing and Data Science,,"What am I working on currently? Teaching CS 307, an introduction to machine learning for data science students. Applying statistical methodology to public baseball data."
https://cs.illinois.edu/about/people/all-faculty/minhdo,Minh N. Do,Coordinated Science Laboratory,,"Research Interests: Smart health, Data science, Computational imaging, Signal processing."
https://cs.illinois.edu/about/people/all-faculty/minhdo,Minh N. Do,Beckman Institute for Advanced Science and Technology,,"Research Interests: Smart health, Data science, Computational imaging, Signal processing."
https://cs.illinois.edu/about/people/all-faculty/minhdo,Minh N. Do,Department of Bioengineering,,"Research Interests: Smart health, Data science, Computational imaging, Signal processing."
https://cs.illinois.edu/about/people/all-faculty/minhdo,Minh N. Do,Department of Computer Science,,"Research Interests: Smart health, Data science, Computational imaging, Signal processing."
https://cs.illinois.edu/about/people/all-faculty/krdc,Katie Driggs-Campbell,Human-Centered Robotics Lab,,"Katie Driggs-Campbell
Assistant Professor, Electrical & Computer Engineering"
https://cs.illinois.edu/about/people/all-faculty/melkebir,Matthias El-Kebir,Computational Biology Lab,,"El-Kebir's main research is in combinatorial optimization algorithms for problems in computational biology, with a particular focus on cancer genomics."
https://cs.illinois.edu/about/people/all-faculty/engelken,Rainer Engelken,Neural Data Analysis Lab,,"Research Interests: Neural Data Analysis, Dynamical Systems Theory, Machine Learning and Artificial Intelligence, Computational Neuroscience, Theoretical Neuroscience."
https://cs.illinois.edu/about/people/all-faculty/engelken,Rainer Engelken,Computational Neuroscience Lab,,"Research Interests: Neural Data Analysis, Dynamical Systems Theory, Machine Learning and Artificial Intelligence, Computational Neuroscience, Theoretical Neuroscience."
https://cs.illinois.edu/about/people/all-faculty/jeffe,Jeff Erickson,Algorithms Lab,,"I primarily teach courses in algorithms. My free algorithms textbook, along with an extensive archive of related course materials, is available at http://jeffe.cs.illinois.edu/teaching/algorithms/"
https://cs.illinois.edu/about/people/all-faculty/jeffe,Jeff Erickson,Computational Geometry Group,,"I primarily teach courses in algorithms. My free algorithms textbook, along with an extensive archive of related course materials, is available at http://jeffe.cs.illinois.edu/teaching/algorithms/"
https://cs.illinois.edu/about/people/all-faculty/waf,Wade Fagen-Ulmschneider,Data Science Research Collaborative,,Wade Fagen-Ulmschneider is a Teaching Professor of Computer Science at the University of Illinois at Urbana-Champaign (UIUC).
https://cs.illinois.edu/about/people/all-faculty/waf,Wade Fagen-Ulmschneider,Center for Innovation in Teaching and Learning,,Wade Fagen-Ulmschneider is a Teaching Professor of Computer Science at the University of Illinois at Urbana-Champaign (UIUC).
https://cs.illinois.edu/about/people/all-faculty/farivar2,Reza Farivar,Siebel School of Computing and Data Science,,Research Areas: Systems and Networking
https://cs.illinois.edu/about/people/all-faculty/miforbes,Michael A. Forbes,Computer Science Theory Group,,Research Areas: Theory and Algorithms
https://cs.illinois.edu/about/people/all-faculty/daf,David Forsyth,David Forsyth's research group,,"David Forsyth
Fulton Watson Copp Chair in Computer Science
Research Interests: Computer vision, Computer graphics, Machine learning"
https://cs.illinois.edu/about/people/all-faculty/mfowler5,Max Fowler,Siebel School of Computing and Data Science,https://cs.illinois.edu/,"Teaching Assistant Professor, mfowler5@illinois.edu, 2328 Thomas M. Siebel Center for Computer Science"
https://cs.illinois.edu/about/people/all-faculty/ekfox,Emily Kyle Fox,Siebel School of Computing and Data Science,,In this paper we introduce and formally study the problem of k-clustering with faulty centers.
https://cs.illinois.edu/about/people/all-faculty/aganesn2,Aishwarya Ganesan,Siebel School of Computing and Data Science,,"Research Interests: Data systems, Distributed systems, Storage and file systems, Operating systems"
https://cs.illinois.edu/about/people/all-faculty/jugal,Jugal Garg,Industrial and Enterprise Systems Engineering,,"Research Interests: Computational Aspects of Economics and Game Theory, Design and Analysis of Algorithms, Mathematical Programming, Resource Allocation, Data Economics"
https://cs.illinois.edu/about/people/all-faculty/garzaran,Maria Jesus Garzaran,Compilers and Architecture Lab,,"Research Areas: Compilers, Architecture, and Parallel Computing, Systems and Networking"
https://cs.illinois.edu/about/people/all-faculty/garzaran,Maria Jesus Garzaran,Parallel Computing Research Group,,"Research Areas: Compilers, Architecture, and Parallel Computing, Systems and Networking"
https://cs.illinois.edu/about/people/all-faculty/ygertner,Yael Gertner,Siebel School of Computing and Data Science,,Designing Autograded Tools For Teaching Theory of Computing... We design and evaluate autograded tools that provide students with immediate feedback and scaffold them through the process of problem solving in the context of writing proofs and designing algorithms.
https://cs.illinois.edu/about/people/all-faculty/ghose,Saugata Ghose,Ghose Research Group,,"Research Interests: Data-centric computer architectures and systems, Processing-in-memory (PIM), Memory and storage systems, Computing platforms for smart cities, autonomous vehicles, robotics, and genomics."
https://cs.illinois.edu/about/people/all-faculty/mgolpar,Mani Golparvar-Fard,Golparvar Research Group,,"Mani Golparvar on using artificial intelligence, machine learning, and computer vision to fuel construction success."
https://cs.illinois.edu/about/people/all-faculty/mgolpar,Mani Golparvar-Fard,Construction Engineering Group,,"Mani Golparvar on using artificial intelligence, machine learning, and computer vision to fuel construction success."
https://cs.illinois.edu/about/people/all-faculty/cedre,Daniel Gonzalez Cedre,Siebel School of Computing and Data Science,,"My research involves graph grammars and explainable machine learning, but I have a casual interest in logic and set theory."
https://cs.illinois.edu/about/people/all-faculty/wgropp,Bill Gropp,National Center for Supercomputing Applications (NCSA),,"His research interests are in parallel computing, software for scientific computing, and numerical methods for partial differential equations."
https://cs.illinois.edu/about/people/all-faculty/kaiyug,Kaiyu Guan,Agroecosystem Modeling Lab,,"My research group uses advanced process models, satellite sensing technology, fieldwork, and artificial intelligence to address how climate and human practices affect crop productivity, water resources, ecosystem functioning, and environmental sustainability."
https://cs.illinois.edu/about/people/all-faculty/lgui,Liangyan Gui,Computer Vision Lab,,"Research Assistant Professor of Computer Science UIUC, where I work on computer vision and machine learning, with a specific focus on predictive learning and self-supervised learning."
https://cs.illinois.edu/about/people/all-faculty/lgui,Liangyan Gui,Machine Learning Group,,"Research Assistant Professor of Computer Science UIUC, where I work on computer vision and machine learning, with a specific focus on predictive learning and self-supervised learning."
https://cs.illinois.edu/about/people/all-faculty/cgunter,Carl Gunter,Illinois Security Lab,,"Professor Gunter’s contributions to the formal analysis of networks and security include the Packet Language for Active Networks (PLAN), the WRSPM reference model for requirements and specifications, the first formal analyses of Internet and ad hoc routing protocols, the Verisim system for analyzing network simulations, and exploiting bandwidth contention as a DoS countermeasure."
https://cs.illinois.edu/about/people/all-faculty/cgunter,Carl Gunter,SPLICE,,"Professor Gunter’s contributions to the formal analysis of networks and security include the Packet Language for Active Networks (PLAN), the WRSPM reference model for requirements and specifications, the first formal analyses of Internet and ad hoc routing protocols, the Verisim system for analyzing network simulations, and exploiting bandwidth contention as a DoS countermeasure."
https://cs.illinois.edu/about/people/all-faculty/egunter,Elsa L. Gunter,Formal Methods and Verification Lab,,"Application of formal methods to the design, specification, and verification of general-purpose and special purpose programming languages and their implementation."
https://cs.illinois.edu/about/people/all-faculty/indy,Indranil Gupta,Distributed Protocols Research Group,http://dprg.cs.uiuc.edu/,"Indy is a world leader in inventing and implementing novel systems techniques that make distributed systems more reliable, predictable, and manageable."
https://cs.illinois.edu/about/people/all-faculty/saurabhg,Saurabh Gupta,Computer Vision Lab,,Gupta earns prestigious NSF CAREER award to build predictive models that can improve robot navigation and object interaction
https://cs.illinois.edu/about/people/all-faculty/saurabhg,Saurabh Gupta,Robotics Lab,,Gupta earns prestigious NSF CAREER award to build predictive models that can improve robot navigation and object interaction
https://cs.illinois.edu/about/people/all-faculty/hanj,Jiawei Han,Data Mining Lab,,"This project is based on the previous research on data mining, text mining, embedding in networks and data cube and multidimensional analysis."
https://cs.illinois.edu/about/people/all-faculty/sariel,Sariel Har-Peled,Algorithm and Complexity Theory Lab,,"Sariel Har-Peled conducts research on Geometric Algorithms, Approximation Algorithms, Randomized Algorithms, and Discrete and Computational Geometry."
https://cs.illinois.edu/about/people/all-faculty/jch,John C. Hart,Computer Graphics and Data Visualization Lab,,"John C. Hart is Professor and Director of Online and Professional Programs in the Department of Computer Science, and the Executive Associate Dean of the Graduate College of the University of Illinois at Urbana-Champaign."
https://cs.illinois.edu/about/people/all-faculty/jhasegaw,Mark Hasegawa-Johnson,Statistical Speech Technology Group,,"Dr. Hasegawa-Johnson's research is focused on the area of automatic speech recognition, with a particular focus on the mathematization of linguistic concepts."
https://cs.illinois.edu/about/people/all-faculty/kkhauser,Kris Hauser,Intelligent Motion Lab,,"Kris Hauser is a Professor in the Department of Computer Science, the Department of Electrical and Computer Engineering, and the Department of Mechanical Science and Engineering at the University of Illinois at Urbana-Champaign."
https://cs.illinois.edu/about/people/all-faculty/jingrui,Jingrui He,School of Information Sciences,,"Professor, School of Information Sciences"
https://cs.illinois.edu/about/people/all-faculty/heath,Michael T. Heath,Computational Science and Engineering Program,,"Professor Heath's general areas of research are in large-scale scientific computing, numerical analysis, and parallel computing. His primary research interests are in numerical linear algebra, particularly sparse matrix computations."
https://cs.illinois.edu/about/people/all-faculty/heath,Michael T. Heath,Center for Simulation of Advanced Rockets,,"Professor Heath's general areas of research are in large-scale scientific computing, numerical analysis, and parallel computing. His primary research interests are in numerical linear algebra, particularly sparse matrix computations."
https://cs.illinois.edu/about/people/all-faculty/glherman,Geoffrey Herman,Engineering Education Research Lab,,"First, our project will provide new avenues for richer credentialing in engineering education."
https://cs.illinois.edu/about/people/all-faculty/glherman,Geoffrey Herman,Computing Education Research Lab,,"First, our project will provide new avenues for richer credentialing in engineering education."
https://cs.illinois.edu/about/people/all-faculty/juliahmr,Julia Hockenmaier,Hockenmaier Lab,https://hmr-lab.github.io/,Our research explores several key areas: Collaborative dialogue in embodied environments... Interpretability of deep language models... Evaluation of long-form text...
https://cs.illinois.edu/about/people/all-faculty/dhoiem,Derek Hoiem,Computer Vision Lab,,"Hoiem is co-founder and Chief Science Officer of Reconstruct, providing an AI-based Visual Command Center to provide construction stakeholders with timely access to project information."
https://cs.illinois.edu/about/people/all-faculty/dhoiem,Derek Hoiem,AI and Robotics Group,,"Hoiem is co-founder and Chief Science Officer of Reconstruct, providing an AI-based Visual Command Center to provide construction stakeholders with timely access to project information."
https://cs.illinois.edu/about/people/all-faculty/binhu7,Bin Hu,Coordinated Science Laboratory,,I am interested in reconciling robust control with deep reinforcement learning for safety-critical AI applications. I am currently investigating the convergence properties of model-free policy gradient methods for various standard robust control tasks.
https://cs.illinois.edu/about/people/all-faculty/jianh,Jian Huang,Computer Architecture and Systems Lab,,"My research received the inaugural ACM SIGMICRO Early Career Award, NSF CAREER Award, NSF CRII Award, Dean's Award for Early Innovation, IEEE Micro Top Picks, USENIX Best Paper Award, and a few industry awards."
https://cs.illinois.edu/about/people/all-faculty/yunhuang,Yun Huang,Siebel School of Computing and Data Science,https://cs.illinois.edu/,"Yun Huang | Associate Professor, Information Sciences"
https://cs.illinois.edu/about/people/all-faculty/isbell,"Charles L. Isbell, Jr.",The Laboratory for Interactive Artificial Intelligence,,"Although I tend to focus on statistical machine learning, my research passion is actually artificial intelligence. I like to build large integrated systems, so I also tend to spend a great deal of my time doing research on autonomous agents, interactive entertainment, some aspects of HCI, software engineering and even programming languages."
https://cs.illinois.edu/about/people/all-faculty/rkiyer,Ravi K. Iyer,Advanced Controls Research Laboratory (ACRL),,"Research Interests Reliable and secure networks and systems, Measurement and modeling, dependability and security validation and benchmarking, data analytics, computing for genomics research, machine learning, artificial intelligence, computer systems, measurement driven analytics and machine learning, AI and health, trustworthiness of AI systems and algorithms."
https://cs.illinois.edu/about/people/all-faculty/rkiyer,Ravi K. Iyer,Mitra Research Group,,"Research Interests Reliable and secure networks and systems, Measurement and modeling, dependability and security validation and benchmarking, data analytics, computing for genomics research, machine learning, artificial intelligence, computer systems, measurement driven analytics and machine learning, AI and health, trustworthiness of AI systems and algorithms."
https://cs.illinois.edu/about/people/all-faculty/reyhaneh,Reyhaneh Jabbarvand,Software Engineering Lab,,Jabbarvand Plans a Path for Neural Testing to Improve Software Debugging Through NSF CAREER Award
https://cs.illinois.edu/about/people/all-faculty/shj,Sheldon H. Jacobson,Simulation and Optimization Laboratory,,"He launched the research field, aviation security analytics, demonstrating how probabilistic models, optimization, and artificial intelligence can be used to improve the performance of aviation security systems."
https://cs.illinois.edu/about/people/all-faculty/shj,Sheldon H. Jacobson,Bed Time Research Institute,,"He launched the research field, aviation security analytics, demonstrating how probabilistic models, optimization, and artificial intelligence can be used to improve the performance of aviation security systems."
https://cs.illinois.edu/about/people/all-faculty/hengji,Heng Ji,Amazon-Illinois Center on AI for Interactive Conversational Experiences,,"Her research interests focus on Natural Language Processing, especially on Multimedia Multilingual Information Extraction, Knowledge-enhanced Large Language Models and Vision-Language Models."
https://cs.illinois.edu/about/people/all-faculty/nanjiang,Nan Jiang,Reinforcement Learning Lab,,Research Interests: Reinforcement Learning
https://cs.illinois.edu/about/people/all-faculty/kale,Laxmikant V Kale,Kale Research Group,,"Research Areas: Compilers, Architecture, and Parallel Computing; Scientific Computing"
https://cs.illinois.edu/about/people/all-faculty/kamin,Samuel N Kamin,LOOME,http://loomecsweb.web.engr.illinois.edu/,My research covers two areas: programming languages and educational technology.
https://cs.illinois.edu/about/people/all-faculty/kamin,Samuel N Kamin,SLICE,,My research covers two areas: programming languages and educational technology.
https://cs.illinois.edu/about/people/all-faculty/kalikao,Dominic Kao,Human-Computer Interaction Lab,,Researching and Developing the Impacts of Virtual Identity on Computational Learning Environments
https://cs.illinois.edu/about/people/all-faculty/dakshita,Dakshita Khurana,Quantum Computing & Cryptography Lab,,"her research focuses on cryptography and its interactions with quantum information. She has made several contributions to secure protocol design, including to succinct and zero-knowledge proof systems, non-malleable protocols and secure computation."
https://cs.illinois.edu/about/people/all-faculty/halil,Halil Kilicoglu,scienceNLP lab,https://kilicogluh.github.io/lab,members of the scienceNLP lab
https://cs.illinois.edu/about/people/all-faculty/minje,Minje Kim,Machine Learning and Audio Processing Lab,,Minje Kim has focused on improving the efficiency and scalability of machine learning models for audio applications.
https://cs.illinois.edu/about/people/all-faculty/andreask,Andreas Klöckner,Scientific Computing Group,,Fast Evaluation of 2D/3D Layer Potentials at a High Order of Accuracy ('Quadrature by Expansion')
https://cs.illinois.edu/about/people/all-faculty/andreask,Andreas Klöckner,Computational Mathematics Group,,Fast Evaluation of 2D/3D Layer Potentials at a High Order of Accuracy ('Quadrature by Expansion')
https://cs.illinois.edu/about/people/all-faculty/wtkramer,Bill Kramer,National Center for Supercomputing Applications,,"Research Areas: File Systems, Parallel / High-Performance Computing, Parallel Systems, Scientific Computing, Security and Privacy"
https://cs.illinois.edu/about/people/all-faculty/rhk,Robin Kravets,The Mobius Group,,"Research Areas: Security and Privacy, Systems and Networking"
https://cs.illinois.edu/about/people/all-faculty/rakeshk,Rakesh Kumar,Computer Architecture Research Group,,"Our work spans all layers of the computing stack - circuits, architectures, compilers, systems, and applications."
https://cs.illinois.edu/about/people/all-faculty/ranjitha,Ranjitha Kumar,Interactive Computing Lab,,Ranjitha Kumar's home page
https://cs.illinois.edu/about/people/all-faculty/fanlai,Fan Lai,Machine Learning and Systems Lab,,
https://cs.illinois.edu/about/people/all-faculty/lavalle,Steven M. LaValle,Planning Algorithms Lab,,"The planning techniques developed in his research group build on literature from robotics, algorithms, computational geometry, artificial intelligence and control theory."
https://cs.illinois.edu/about/people/all-faculty/slawsky,Sarah Lawsky,Computational Law Research Lab,,Her recent work focuses on the formalization of tax law. Professor Lawsky research arguing for using a particular nonstandard logic to formalize tax law is the conceptual foundation for the domain-specific programming language Catala.
https://cs.illinois.edu/about/people/all-faculty/klevchen,Kirill Levchenko,Laboratory for Cyber-Physical System Security,,"My lab is always looking for motivated undergrduate students interested in research in: Network attacks and defenses, Cyber-physical and embedded system security analysis, E-crime and Internet service abuse, Network measurement."
https://cs.illinois.edu/about/people/all-faculty/colleenl,Colleen M. Lewis,CS Education Research,,"Lewis curates CSTeachingTips.org, a NSF-sponsored project for disseminating effective CS teaching practices."
https://cs.illinois.edu/about/people/all-faculty/geliu,Ge Liu,"Baker Lab, Institute for Protein Design",,"My research develops multimodal, scalable, and geometry-aware deep generative models and sequential optimization techniques, as well as novel experiment frameworks and computational tools, for solving important problems in life sciences."
https://cs.illinois.edu/about/people/all-faculty/hl314,Hongye Liu,Bioinformatics and Computational Biology Lab,,My research is focused on understanding the needs of students with disabilities and broadening the participation of students with disabilities.
https://cs.illinois.edu/about/people/all-faculty/hl314,Hongye Liu,Universal Design for Learning Lab,,My research is focused on understanding the needs of students with disabilities and broadening the participation of students with disabilities.
https://cs.illinois.edu/about/people/all-faculty/lyy,Yaoyao Liu,School of Information Sciences,,"His research lies at the intersection of computer vision and machine learning, with a special focus on building intelligent visual systems that are continual and data-efficient."
https://cs.illinois.edu/about/people/all-faculty/lyy,Yaoyao Liu,Coordinated Science Laboratory,,"His research lies at the intersection of computer vision and machine learning, with a special focus on building intelligent visual systems that are continual and data-efficient."
https://cs.illinois.edu/about/people/all-faculty/lyy,Yaoyao Liu,Siebel School of Computing and Data Science,,"His research lies at the intersection of computer vision and machine learning, with a special focus on building intelligent visual systems that are continual and data-efficient."
https://cs.illinois.edu/about/people/all-faculty/lyy,Yaoyao Liu,Department of Electrical & Computer Engineering,,"His research lies at the intersection of computer vision and machine learning, with a special focus on building intelligent visual systems that are continual and data-efficient."
https://cs.illinois.edu/about/people/all-faculty/yilingl,Yiling Lou,Software Engineering and Artificial Intelligence,,Our work (INFERROI) on enhancing traditional static analysis with LLMs in resource leak detection is released.
https://cs.illinois.edu/about/people/all-faculty/lourent2,Ismini Lourentzou,PLAN Lab,,"Research Interests: Multimodal Embodied Agents, Interactive AI Agents, Embodied AI, Generative AI, Multimodal Machine Learning, Computer Vision."
https://cs.illinois.edu/about/people/all-faculty/lumetta,Steve Lumetta,Coordinated Science Laboratory,,"His interests center on high-performance networking and computing, hierarchical systems, and parallel runtime software."
https://cs.illinois.edu/about/people/all-faculty/nl27,Ning Luo,Department of Electrical and Computer Engineering,,"My research combines formal methods, automated reasoning, programming language, and cryptography to achieve security, verifiability, and confidentiality in practical and challenging scenarios."
https://cs.illinois.edu/about/people/all-faculty/jiaqima,Jiaqi Ma,Data Foundations of AI Lab,,"I’m interested in the broad area of machine learning and artificial intelligence (AI). Recently, my research focuses on the data foundations of AI, including three complementary aspects: 1) understanding how training data impact AI models (data attribution); 2) developing data-centric algorithms that improve the quality and safety of training data (data curation and synthetic data generation); and 3) studying how data mediate the societal impact of AI (data compensation and machine unlearning)."
https://cs.illinois.edu/about/people/all-faculty/marinov,Darko Marinov,Software Testing and Analysis Lab,https://mir.cs.illinois.edu/marinov/,"His main research interests are in Software Engineering, in particular software testing. He has a lot of fun looking for software bugs."
https://cs.illinois.edu/about/people/all-faculty/rutameht,Ruta Mehta,AImpact Center,,"My main research interests lie in the areas of algorithmic game theory, mathematical economics, and in design efficient and trustworthy systems."
https://cs.illinois.edu/about/people/all-faculty/rutameht,Ruta Mehta,Coordinated Science Laboratory,,"My main research interests lie in the areas of algorithmic game theory, mathematical economics, and in design efficient and trustworthy systems."
https://cs.illinois.edu/about/people/all-faculty/meidani,Hadi Meidani,Computational Intelligence for Engineering Lab (CIEL),,"My research aims to transform how engineering systems are modeled, designed, and operated by advancing a new paradigm of AI-driven scientific computing."
https://cs.illinois.edu/about/people/all-faculty/charithm,Charith Mendis,ADAPT group,,"Research Interests: Compilers, Programming Languages, Machine Learning for Program Optimization."
https://cs.illinois.edu/about/people/all-faculty/meseguer,Jose Meseguer,Formal Methods Lab,,Research Areas: Programming Languages / Formal Methods / Software Engineering
https://cs.illinois.edu/about/people/all-faculty/milenkov,Olgica Milenkovic,Center for Artificial Intelligence and Modeling (CAIM),,Developing new approaches for studying problems in bioinformatics and bioengineering using coding and information theory.
https://cs.illinois.edu/about/people/all-faculty/soc1024,Andrew Miller,Decentralized Systems Lab,https://decentralize.ece.illinois.edu/,"Andrew Miller - Associate Professor, Electrical and Computer Engineering"
https://cs.illinois.edu/about/people/all-faculty/misailo,Sasa Misailovic,Probabilistic Programming Lab,,RefineStat: Efficient Exploration for Probabilistic Program Synthesis
https://cs.illinois.edu/about/people/all-faculty/misailo,Sasa Misailovic,Software Engineering Lab,,RefineStat: Efficient Exploration for Probabilistic Program Synthesis
https://cs.illinois.edu/about/people/all-faculty/mitras,Sayan Mitra,Sayan Mitra Lab,,"Research Interests: Control Theory, Formal Methods, AI and Autonomy, Cyber-Physical Computing, Embedded Systems, Programming Languages / Formal Methods / Software Engineering, Security and Privacy"
https://cs.illinois.edu/about/people/all-faculty/radhikam,Radhika Mittal,Networking and Systems Lab,,Research Areas: Systems and Networking
https://cs.illinois.edu/about/people/all-faculty/sibin,Sibin Mohan,Systems Security Research Group,,"Current research efforts include resiliency and security for CPS, autonomous and IoT-style systems, secure cloud computing, resilient safety-critical systems using software defined networking (SDN), security for V2X systems and understanding the behavior of UAV swarms."
https://cs.illinois.edu/about/people/all-faculty/wsmoses,William S. Moses,Compiler Research Group,,Research Areas: Compilers.
https://cs.illinois.edu/about/people/all-faculty/klara,Klara Nahrstedt,Multimedia Systems Lab,,"Her research interests are directed toward trustworthy multimedia distributed systems and networking, quality of service (QoS) and resource management in Internet and mobile systems, real-time security in wireless networks for trustworthy power grids, edge-cloud systems, cyber-physical system security for electric vehicles, health systems, 3D tele-immersive systems, advanced edge-cloud-based cyber-infrastructures for scientific instruments, machine learning for systems and systems for machine learning."
https://cs.illinois.edu/about/people/all-faculty/klara,Klara Nahrstedt,Cyber-Physical Systems Lab,,"Her research interests are directed toward trustworthy multimedia distributed systems and networking, quality of service (QoS) and resource management in Internet and mobile systems, real-time security in wireless networks for trustworthy power grids, edge-cloud systems, cyber-physical system security for electric vehicles, health systems, 3D tele-immersive systems, advanced edge-cloud-based cyber-infrastructures for scientific instruments, machine learning for systems and systems for machine learning."
https://cs.illinois.edu/about/people/all-faculty/ymn,Yee Man (Margaret) Ng,MUSE,https://museresearch.github.io/,Her current research seeks to extend the diffusion of innovations theory by studying social media users’ post-adoption behavior and examining the mechanisms that drive user discontinuance and readoption.
https://cs.illinois.edu/about/people/all-faculty/dmnicol,David M. Nicol,Information Trust Institute,,"The study of large-scale systems encounters problems in representation, scalability, and behavior. Project MOSES investigates such issues, particularly in the context of networking security."
https://cs.illinois.edu/about/people/all-faculty/dmnicol,David M. Nicol,Advanced Digital Sciences Center,,"The study of large-scale systems encounters problems in representation, scalability, and behavior. Project MOSES investigates such issues, particularly in the context of networking security."
https://cs.illinois.edu/about/people/all-faculty/dmnicol,David M. Nicol,Critical Infrastructure Resilience Institute,,"The study of large-scale systems encounters problems in representation, scalability, and behavior. Project MOSES investigates such issues, particularly in the context of networking security."
https://cs.illinois.edu/about/people/all-faculty/mornik,Melkior Ornik,Control Systems Lab,,"Research Interests: Autonomous systems, Control of systems operating in complex, uncertain, or changing environments, Safety-critical control, Learning methods in control."
https://cs.illinois.edu/about/people/all-faculty/mornik,Melkior Ornik,Autonomous Systems Lab,,"Research Interests: Autonomous systems, Control of systems operating in complex, uncertain, or changing environments, Safety-critical control, Learning methods in control."
https://cs.illinois.edu/about/people/all-faculty/padua,David Padua,Polaris Research Group,,"He has worked on autotuning, high level notations for parallel programming, compiler evaluation, and the efficient implementation of scripting languages."
https://cs.illinois.edu/about/people/all-faculty/adityagp,Aditya Parameswaran,Data Analytics Lab,,"My work centers on the design of interactive or human-in-the-loop data analytics systems by synthesizing techniques from multiple fields: databases, data mining, and human computation."
https://cs.illinois.edu/about/people/all-faculty/yongjoo,Yongjoo Park,Data and Information Systems (DAIS) Research Lab,,Yongjoo's research interest is in building intelligent data-intensive systems using statistical and Artificial Intelligence techniques.
https://cs.illinois.edu/about/people/all-faculty/madhu,P. Madhusudan,Software Verification Lab,,"My current research interests are primarily in automating software verification and building correct-by-design systems, trustworthy and safe systems that use AI/ML components."
https://cs.illinois.edu/about/people/all-faculty/sjp,Sanjay J. Patel,IBM-Illinois Center for Cognitive Computing Systems Research,,"Research Interests: The intersection of Computer Architecture, Sensors, and Machine Learning. Digital Systems for Societal Good."
https://cs.illinois.edu/about/people/all-faculty/sjp,Sanjay J. Patel,Alchemy Technology Foundry,,"Research Interests: The intersection of Computer Architecture, Sensors, and Machine Learning. Digital Systems for Societal Good."
https://cs.illinois.edu/about/people/all-faculty/haopeng,Hao Peng,Natural Language Processing Lab,,"Hao Peng's research interests include Natural Language Processing, Computational Linguistics, Machine Learning, Large Language Models, AI for Science."
https://cs.illinois.edu/about/people/all-faculty/haopeng,Hao Peng,AI for Science Lab,,"Hao Peng's research interests include Natural Language Processing, Computational Linguistics, Machine Learning, Large Language Models, AI for Science."
https://cs.illinois.edu/about/people/all-faculty/mrabbi,Mashfiqui Rabbi,Center for Behavioral Intervention Technologies (CBITs),,We propose a scalable sensing and real-time sensing and inference toolkit for mobile devices. SAINT uses a client-server architecture.
https://cs.illinois.edu/about/people/all-faculty/maxim,Maxim Raginsky,Electrical and Computer Engineering Department,,"Research Statement: Prof. Raginsky's interests cover probability and stochastic processes, deterministic and stochastic control, machine learning, optimization, and information theory."
https://cs.illinois.edu/about/people/all-faculty/rwerger,Lawrence Rauchwerger,Parasol Lab,https://parasollab.web.illinois.edu/,"Rauchwerger's approach to auto-parallelization, thread-level speculation and parallel code development has influenced industrial products at corporations such as IBM, Intel and Sun."
https://cs.illinois.edu/about/people/all-faculty/braycha,Bhaskar Ray Chaudhury,Algorithmic Game Theory Lab,,"Research Interests: Algorithmic Game Theory, Data Economics, Equilibrium Computation, Incentives in Collaborative Learning"
https://cs.illinois.edu/about/people/all-faculty/braycha,Bhaskar Ray Chaudhury,Data Economics Group,,"Research Interests: Algorithmic Game Theory, Data Economics, Equilibrium Computation, Incentives in Collaborative Learning"
https://cs.illinois.edu/about/people/all-faculty/jrehg,James M. Rehg,Rehg Lab,,"We conduct foundational research in computer vision and machine learning, with broad applications in human-centered and interdisciplinary domains. Our work spans developmental and social psychology, autism research, mobile health, and robotics."
https://cs.illinois.edu/about/people/all-faculty/jrehg,James M. Rehg,Health Care Engineering Systems Center,,"We conduct foundational research in computer vision and machine learning, with broad applications in human-centered and interdisciplinary domains. Our work spans developmental and social psychology, autism research, mobile health, and robotics."
https://cs.illinois.edu/about/people/all-faculty/renling,Ling Ren,Security and Privacy Lab,,"Research Interests: Security and Privacy, Secure Distributed Algorithms, Cryptography."
https://cs.illinois.edu/about/people/all-faculty/tringer,Talia Ringer,Formal Methods Lab,,"PhD thesis on proof repair, which has since been reimplemented by researchers and engineers at Amazon and NASA, and adapted to the languages they use."
https://cs.illinois.edu/about/people/all-faculty/tringer,Talia Ringer,Programming Languages Lab,,"PhD thesis on proof repair, which has since been reimplemented by researchers and engineers at Amazon and NASA, and adapted to the languages they use."
https://cs.illinois.edu/about/people/all-faculty/generobi,Gene Robinson,Gene Robinson's research group,,"My research group uses the Western honey bee, Apis mellifera, to understand the mechanisms governing social behavior."
https://cs.illinois.edu/about/people/all-faculty/pdr,Pablo D Robles Granda,Siebel School of Computing and Data Science,,Teaching Assistant Professor
https://cs.illinois.edu/about/people/all-faculty/grosu,Grigore Rosu,Formal Systems Laboratory,https://fsl.cs.illinois.edu/,"Research Interests: Software and software related aspects. Design, semantics and implementation of programming and specification languages. Automated software engineering and formal methods, especially 'push-button' techniques for certification, monitoring synthesis and modularization."
https://cs.illinois.edu/about/people/all-faculty/croy,Romit Roy Choudhury,Sensing Infrastructure Research Group,https://sinrg.csl.illinois.edu/,"Research Interests (1) Generative Models, (2) Inverse Problems, (3) Neural imaging (NeRFs), (4) Blackbox Optimization, (5) Wireless Sensing and Signal Processing"
https://cs.illinois.edu/about/people/all-faculty/ksaha2,Koustuv Saha,Human-Computer Interaction Lab,,"His research interest is in social computing, computational social science, human-centered machine learning, and FATE."
https://cs.illinois.edu/about/people/all-faculty/ksaha2,Koustuv Saha,Social Computing Lab,,"His research interest is in social computing, computational social science, human-centered machine learning, and FATE."
https://cs.illinois.edu/about/people/all-faculty/ksaha2,Koustuv Saha,Computational Social Science Group,,"His research interest is in social computing, computational social science, human-centered machine learning, and FATE."
https://cs.illinois.edu/about/people/all-faculty/aschwing,Alexander Schwing,Computer Vision Lab,,We develop fast supervised and unsupervised video object segmentation methods.
https://cs.illinois.edu/about/people/all-faculty/aschwing,Alexander Schwing,Machine Learning Lab,,We develop fast supervised and unsupervised video object segmentation methods.
https://cs.illinois.edu/about/people/all-faculty/jseo1005,JooYoung Seo,School of Information Sciences,,"Research topics include accessible computing for all learners with dis/abilities, inclusive makerspaces, and Computer-Supported Collaborative Learning (CSCL) and Human-Computer Interaction (HCI) with special focus on accessibility and universal design."
https://cs.illinois.edu/about/people/all-faculty/shaffer1,Eric Shaffer,Visualization and Mixed Reality Lab,,"I’m a Teaching Associate Professor in the Department of Computer Science at the University of Illinois at Urbana-Champaign. My research includes work in the areas of visualization, mixed reality, scientific computing, and education."
https://cs.illinois.edu/about/people/all-faculty/ilans,Ilan Shomorony,Electrical and Computer Engineering (ECE),,Ilan Shomorony is an Assistant Professor in Electrical and Computer Engineering... Shomorony earns prestigious NSF CAREER Award to better understand genomic data problems.
https://cs.illinois.edu/about/people/all-faculty/ilans,Ilan Shomorony,Siebel School of Computing and Data Science,,Ilan Shomorony is an Assistant Professor in Electrical and Computer Engineering... Shomorony earns prestigious NSF CAREER Award to better understand genomic data problems.
https://cs.illinois.edu/about/people/all-faculty/shultz88,Craig Shultz,Fluid Reality,,Haptic Technology - Designing and evaluating tactile interaction devices
https://cs.illinois.edu/about/people/all-faculty/shultz88,Craig Shultz,Interactive Display Lab,,Haptic Technology - Designing and evaluating tactile interaction devices
https://cs.illinois.edu/about/people/all-faculty/ggnds,Gagandeep Singh,FOcal Lab,https://ggndpsngh.github.io/,"I am an Assistant Professor in the Department of Computer Science at the University of Illinois Urbana-Champaign (UIUC), where I lead the FOrmally Certified Automation and Learning (FOCAL) Lab."
https://cs.illinois.edu/about/people/all-faculty/msinha,Makrand Sinha,Siebel School of Computing and Data Science,,"My research is in the area of theoretical computer science. My primary research interests lie in the foundations of quantum and classical computation and optimization, and specifically in understanding quantum advantage in various scenarios."
https://cs.illinois.edu/about/people/all-faculty/solomon2,Edgar Solomonik,Laboratory for Parallel Numerical Algorithms (LPNA),,"Research Interests: numerical linear algebra, tensor decomposition, scalable algorithms for tensor computations."
https://cs.illinois.edu/about/people/all-faculty/elahe,Elahe Soltanaghai,"Wireless, Sensing and Embedded Networked Systems (iSENS)",,"I create the next generation of intelligent wireless systems that are faster, lower power, pervasive, and can even sense the physical environment."
https://cs.illinois.edu/about/people/all-faculty/elahe,Elahe Soltanaghai,Illinois Center for Internet of Things,,"I create the next generation of intelligent wireless systems that are faster, lower power, pervasive, and can even sense the physical environment."
https://cs.illinois.edu/about/people/all-faculty/rsrikant,Rayadurgam Srikant,Coordinated Science Lab,,"His research interests include machine learning, applied probability, stochastic control, and communication networks."
https://cs.illinois.edu/about/people/all-faculty/ssterman,Sarah Gimbert Sterman,"Process, Interaction, and Creativity Lab (PICL)",,Research Assistant Professor
https://cs.illinois.edu/about/people/all-faculty/sharifas,Sharifa Sultana,Interactive Computing,,CS professor Sharifa Sultana's co-authored paper “Shotitwo First!’’: Unraveling Global South Women’s Challenges in Public Transport to Inform Autonomous Vehicle Design received the Honorable Mention award at ACM DIS 2024
https://cs.illinois.edu/about/people/all-faculty/hs1,Hari Sundaram,Crowd Dynamics Lab,,"We are developing methods for machine unlearning, which allows us to remove the influence of a set of data points from a model, without having to retrain the model from scratch."
https://cs.illinois.edu/about/people/all-faculty/rubyt,Ruby Tahboub,Computer Science Education Lab,,"My research interests lie in the overlapping areas of Computing, Education, and Psychology. I explore applying learning theories in course design and find sustainable ways to implement active learning in upper-level classes."
https://cs.illinois.edu/about/people/all-faculty/htong,Hanghang Tong,IDEA Lab,,"large scale data mining and machine learning, especially for graph and multimedia data with applications to social networks analysis, healthcare, cyber-security and e-commerce."
https://cs.illinois.edu/about/people/all-faculty/torrella,Josep Torrellas,Torrellas Research Group,,"Research Interests: Low Power Design, Hardware and Software Reliability, Parallel Processing, Shared-Memory Multiprocessors, Computer Architecture"
https://cs.illinois.edu/about/people/all-faculty/gokhan,Gokhan Tur,ConvAI Lab,https://uiuc-conversational-ai-lab.github.io/,"Research Interests: Large Language Models, Spoken Dialogue Systems, Language Understanding, Conversational AI"
https://cs.illinois.edu/about/people/all-faculty/twidale,Michael Twidale,Interactive Computing,,"Professor, Information Sciences"
https://cs.illinois.edu/about/people/all-faculty/varshney,Lav Varshney,Information and Intelligence Group,,My research focuses on the science and engineering of informational systems involving humans and machines. It is driven by a desire to improve individual and collective intelligence in modern environments.
https://cs.illinois.edu/about/people/all-faculty/deepakv,Deepak Vasisht,RF Sensing and Networking Lab,,"Our work focuses on enabling accurate location and sensing of devices, people, and robots using radio signals for applications in smart homes, healthcare, indoor navigation, and augmented reality."
https://cs.illinois.edu/about/people/all-faculty/deepakv,Deepak Vasisht,Satellite Networks Lab,,"Our work focuses on enabling accurate location and sensing of devices, people, and robots using radio signals for applications in smart homes, healthcare, indoor navigation, and augmented reality."
https://cs.illinois.edu/about/people/all-faculty/yvlasov,Yurii Vlasov,Integrated Neurotechnology Lab,,"Our vision is to integrate engineering, systems neuroscience, and data analytics to advance our knowledge of inner working of the brain."
https://cs.illinois.edu/about/people/all-faculty/dwang24,Dong Wang,Social Sensing & Intelligence Lab,,"The SSI Lab is recruiting students in Information Science, Computer Science, and Informatics at University of Illinois Urbana-Champaign to work on Agentic AI, AI for Science, and Responsible AI."
https://cs.illinois.edu/about/people/all-faculty/wangge,Ge 'Tiffany' Wang,OATS Lab,https://tiffanygewang.com/lab,"I lead the OATS Lab (Openness, Autonomy, Trust in Supportive AI)."
https://cs.illinois.edu/about/people/all-faculty/haohanw,Haohan Wang,iSchool,,"Assistant Professor, iSchool"
https://cs.illinois.edu/about/people/all-faculty/shaowen,Shaowen Wang,CyberGIS Center for Advanced Digital and Spatial Studies,,"Professor, Geography | Siebel School of Computing and Data Science"
https://cs.illinois.edu/about/people/all-faculty/shaowen,Shaowen Wang,NSF Institute for Geospatial Understanding through an Integrative Discovery Environment (I-GUIDE),,"Professor, Geography | Siebel School of Computing and Data Science"
https://cs.illinois.edu/about/people/all-faculty/shenlong,Shenlong Wang,Computer Vision and Robotics Lab,,"Shenlong Wang is an Assistant Professor of Computer Science at the University of Illinois Urbana-Champaign. He works on computer vision and robotics, with a focus on understanding, modeling, and simulating the physical world for content creation, robotics, and AI for science."
https://cs.illinois.edu/about/people/all-faculty/yvw,Yang Wang,Interactive Computing Lab,,"Yang Wang
Professor, Information Sciences
Research Areas
Interactive Computing
Security and Privacy"
https://cs.illinois.edu/about/people/all-faculty/yvw,Yang Wang,Privacy and Security Research Group,,"Yang Wang
Professor, Information Sciences
Research Areas
Interactive Computing
Security and Privacy"
https://cs.illinois.edu/about/people/all-faculty/yxw,Yuxiong Wang,Computer Vision and Machine Learning lab,,"I am always seeking self-motivated Ph.D., M.S., and undergraduate students. Our group also has openings for visiting students."
https://cs.illinois.edu/about/people/all-faculty/warnow,Tandy Warnow,Computational Biology Lab,,"Warnow's main research is in algorithms for network science, computational biology, and historical linguistics. Among her major contributions are advances in mathematical foundations in phylogenetics and methods for multiple sequence alignment, for species tree estimation from multi-gene datasets, and for metagenomic taxon identification."
https://cs.illinois.edu/about/people/all-faculty/warnow,Tandy Warnow,Phylogenetics and Network Science Lab,,"Warnow's main research is in algorithms for network science, computational biology, and historical linguistics. Among her major contributions are advances in mathematical foundations in phylogenetics and methods for multiple sequence alignment, for species tree estimation from multi-gene datasets, and for metagenomic taxon identification."
https://cs.illinois.edu/about/people/all-faculty/tiffani,Tiffani L. Williams,Computational Biology Lab,,"Her research interests include computer science education, multiple pathway education, computational biology, and inclusive science communication."
https://cs.illinois.edu/about/people/all-faculty/tiffani,Tiffani L. Williams,Computer Science Education Lab,,"Her research interests include computer science education, multiple pathway education, computational biology, and inclusive science communication."
https://cs.illinois.edu/about/people/all-faculty/winslett,Marianne Winslett,DAIS Laboratory,,My research interests lie in information security and in the management of scientific data.
https://cs.illinois.edu/about/people/all-faculty/winslett,Marianne Winslett,Data and Information Systems Laboratory,,My research interests lie in information security and in the management of scientific data.
https://cs.illinois.edu/about/people/all-faculty/arwool,Abigail Wooldridge,Human Factors in Sociotechnical Systems Laboratory,,"Professor Wooldridge's research addresses the design of complex sociotechnical systems, primarily in healthcare settings, using mixed methods approaches to improve outcomes."
https://cs.illinois.edu/about/people/all-faculty/lxing2,Luyi Xing,Luyi Xing's Lab,,Recent Courses Taught: CS 461 (ECE 422) - Computer Security I CS 591 SP - Security and Privacy
https://cs.illinois.edu/about/people/all-faculty/tyxu,Tianyin Xu,Systems Research Group,,"My goal is to make computer systems reliable and secure, especially those operating at the cloud and datacenter scale."
https://cs.illinois.edu/about/people/all-faculty/xyz,Yunzong Xu,Industrial and Enterprise Systems Engineering,,"I do research in machine learning theory, foundations of AI, operations research, and management science. Specific topics of interest include online learning, deep learning, sequential decision making, and mathematical problems related to markets, incentives, and social good."
https://cs.illinois.edu/about/people/all-faculty/xyz,Yunzong Xu,Coordinated Science Laboratory,,"I do research in machine learning theory, foundations of AI, operations research, and management science. Specific topics of interest include online learning, deep learning, sequential decision making, and mathematical problems related to markets, incentives, and social good."
https://cs.illinois.edu/about/people/all-faculty/fyy,Francis Y. Yan,Networked Systems Lab,,"Research Interests: Networked systems, ML for systems, Systems for ML, Video systems."
https://cs.illinois.edu/about/people/all-faculty/jiaxuan,Jiaxuan You,Siebel School of Computing and Data Science,,"Assistant Professor, Siebel School of Computing and Data Science, University of Illinois Urbana-Champaign, 2024 - Present"
https://cs.illinois.edu/about/people/all-faculty/jiaxuan,Jiaxuan You,AI Research Group,,"Assistant Professor, Siebel School of Computing and Data Science, University of Illinois Urbana-Champaign, 2024 - Present"
https://cs.illinois.edu/about/people/all-faculty/yuanwz,Wenzhen Yuan,RoboTouch Lab,https://cs.illinois.edu/about/people/all-faculty/yuanwz,"Research Interests: Tactile sensing, and its application in robot perception and manipulation; Soft robotics; Haptics"
https://cs.illinois.edu/about/people/all-faculty/czhai,ChengXiang Zhai,TIMANDAS,,"developing general models, theoretically sound algorithms, and systems for analyzing large amounts of data to discover latent knowledge and derive new insights from the data"
https://cs.illinois.edu/about/people/all-faculty/huanz,Huan Zhang,Department of Electrical and Computer Engineering,,"Research Interests: Trustworthy Machine Learning, Formal Verification of Machine Learning, AI Safety, Robustness, and Reliability"
https://cs.illinois.edu/about/people/all-faculty/huanz,Huan Zhang,Siebel School of Computing and Data Science,,"Research Interests: Trustworthy Machine Learning, Formal Verification of Machine Learning, AI Safety, Robustness, and Reliability"
https://cs.illinois.edu/about/people/all-faculty/lingming,Lingming Zhang,Software Engineering and AI Research,,"Zhang's main research interests are in Software Engineering, and its synergy with Machine Learning, Programming Languages, and Formal Methods."
https://cs.illinois.edu/about/people/all-faculty/minjiaz,Minjia Zhang,Minjia Zhang's Research Group,,"Research Interests: Large-scale DL/AI applications (Agentic AI, MultiModal, Image/Video Generation, etc); Effective efficiency algorithms (Model compression, data efficiency, parameter-efficient tuning, etc.); Efficient Machine Learning Systems (Training/inference on parallel/distributed/heterogeneous hardware)"
https://cs.illinois.edu/about/people/all-faculty/tozhang,Tong Zhang,Machine Learning Lab,,R-Tuning: Instructing Large Language Models to Say `I Don't Know' ... was chosen as an Outstanding Paper at NAACL 2024.
https://cs.illinois.edu/about/people/all-faculty/tozhang,Tong Zhang,Generative AI Lab,,R-Tuning: Instructing Large Language Models to Say `I Don't Know' ... was chosen as an Outstanding Paper at NAACL 2024.
https://cs.illinois.edu/about/people/all-faculty/zhangyp,Yupeng Zhang,Cybersecurity and Cryptography Lab,,"Yupeng Zhang's research is in the area of cybersecurity and applied cryptography. Specifically, he focuses on zero-knowledge proofs, secure multiparty computations and their applications in blockchain and machine learning to enhance privacy, integrity and scalability."
https://cs.illinois.edu/about/people/all-faculty/hanzhao,Han Zhao,AI and Machine Learning Lab,,"Research Interests: Neuro-symbolic AI, Trustworthy Machine Learning, Post-training & Alignment of Large Language Models."
https://cs.illinois.edu/about/people/all-faculty/shzhao,Shuang Zhao,Computer Graphics Lab,,"Real-Time Level-of-Detail Rendering with ReSTIR. ACM SIGGRAPH 2026 (conference-track full paper), July 2026"
https://cs.illinois.edu/about/people/all-faculty/shzhao,Shuang Zhao,Scientific Computing Lab,,"Real-Time Level-of-Detail Rendering with ReSTIR. ACM SIGGRAPH 2026 (conference-track full paper), July 2026"
https://cs.illinois.edu/about/people/all-faculty/sdzhao,Sihai Dave Zhao,Gene Networks in Neural & Developmental Plasticity (GNDP),,I study large-scale statistical inference approaches for making sense of genomic data. I also use them to study questions in behavioral neuroscience and other substantive fields.
https://cs.illinois.edu/about/people/all-faculty/sdzhao,Sihai Dave Zhao,Carl R. Woese Institute for Genomic Biology,,I study large-scale statistical inference approaches for making sense of genomic data. I also use them to study questions in behavioral neuroscience and other substantive fields.
https://cs.illinois.edu/about/people/all-faculty/zilles,Craig Zilles,Computer-Based Testing Facility,,"His current research focuses on applying computing and data analytics to education, including the development of the Computer-based Testing Facility (CBTF)."
https://cs.illinois.edu/about/people/all-faculty/zilles,Craig Zilles,Learning Analytics,,"His current research focuses on applying computing and data analytics to education, including the development of the Computer-based Testing Facility (CBTF)."
https://cs.illinois.edu/about/people/all-faculty/zilles,Craig Zilles,Compiler Construction and Optimization,,"His current research focuses on applying computing and data analytics to education, including the development of the Computer-based Testing Facility (CBTF)."
https://ece.illinois.edu/about/directory/faculty/itabrah2,Ivan Abraham,Coordinated Science Laboratory,,"Research Areas: Control, Robotics, vision, and artificial intelligence, Signal Processing"
https://ece.illinois.edu/about/directory/faculty/itabrah2,Ivan Abraham,Department of Electrical & Computer Engineering,,"Research Areas: Control, Robotics, vision, and artificial intelligence, Signal Processing"
https://ece.illinois.edu/about/directory/faculty/n-ahuja,Narendra Ahuja,Coordinated Science Laboratory,,"Introduced a new computational approach to automatically extracting syntax of images, and using it for automated image understanding."
https://ece.illinois.edu/about/directory/faculty/haitham,Haitham Hassanieh,Wireless Networks Lab,,"Research Interests: Wireless Networks, Computer Networks, Algorithms, Communications..."
https://ece.illinois.edu/about/directory/faculty/haitham,Haitham Hassanieh,Sensing Systems Lab,,"Research Interests: Wireless Networks, Computer Networks, Algorithms, Communications..."
https://ece.illinois.edu/about/directory/faculty/jontalle,Jont Allen,Allen's Research Group,,"Research Interests: Musical Acoustics, Robust human speech recognition, Speech and music coding, Speech processing for hearing aid applications"
https://ece.illinois.edu/about/directory/faculty/alvarez,Juan Alvarez,Department of Electrical and Computer Engineering,,"Research Interests: Applied probability, Mathematical modeling of polymers and biophysical systems; in particular: configurational and statistical properties of lattice models for polymers, steric stabilization and sensitized flocculation of colloidal dispersions, adsorption and localization of random copolymers, ion transport."
https://ece.illinois.edu/about/directory/faculty/cpand,Catherine P. Anderson,Holonyak Micro and Nanotechnology Lab,,"The Anderson lab combines materials science, applied physics, and electrical engineering to manipulate and generate photons with solid-state materials. Such light is key for scaling modular quantum computers, boosting quantum sensing, and distributing entanglement over long distances for quantum communications."
https://ece.illinois.edu/about/directory/faculty/cpand,Catherine P. Anderson,Materials Research Lab,,"The Anderson lab combines materials science, applied physics, and electrical engineering to manipulate and generate photons with solid-state materials. Such light is key for scaling modular quantum computers, boosting quantum sensing, and distributing entanglement over long distances for quantum communications."
https://ece.illinois.edu/about/directory/faculty/bahl,Gaurav Bahl,Bahl Research Group,,"search in nonlinear optics, quantum mechanics, laser development, and thermal management via laser heating and cooling."
https://ece.illinois.edu/about/directory/faculty/arijit,Arijit Banerjee,Center for Advanced Studies,https://ceme.ece.illinois.edu/people/,"My research mission is to create new paradigms in electromechanical energy conversion systems while working at the combined domains of electromechanics, power electronics, and control."
https://ece.illinois.edu/about/directory/faculty/arijit,Arijit Banerjee,The Grainger Center for Electric Machinery and Electromechanics,https://poets-erc.org/,"My research mission is to create new paradigms in electromechanical energy conversion systems while working at the combined domains of electromechanics, power electronics, and control."
https://ece.illinois.edu/about/directory/faculty/arijit,Arijit Banerjee,Center For Power Optimization of Electro-Thermal Systems,https://robotics.illinois.edu/people/,"My research mission is to create new paradigms in electromechanical energy conversion systems while working at the combined domains of electromechanics, power electronics, and control."
https://ece.illinois.edu/about/directory/faculty/arijit,Arijit Banerjee,Illinois Robotics Group,,"My research mission is to create new paradigms in electromechanical energy conversion systems while working at the combined domains of electromechanics, power electronics, and control."
https://ece.illinois.edu/about/directory/faculty/rbashir,Rashid Bashir,BioMEMS and Nanoengineering Lab,,"My research interests include BioMEMS, Lab on a chip, nano-biotechnology, interfacing biology and engineering from molecular to tissue scale, and applications of semiconductor fabrication to biology, all applied to solve biomedical problems."
https://ece.illinois.edu/about/directory/faculty/cbayram,Can Bayram,Can Bayram's Research Group,,"Research Topics Microwave devices and circuits, Microwave integrated circuits, Millimeter wave integrated circuits, Nano-electronics and single electronics, Nano-photonics, Photonic integrated circuits (PICs), Quantum nanostructures for electronics and photonics, Gallium nitride power semiconductors, Microcavity lasers and nanophotonics, Microelectromechanical systems (MEMS)"
https://ece.illinois.edu/about/directory/faculty/beck3,C. L. Beck,Control Systems Lab,,"Research Interests: Control and optimization; Epidemic processes over networks; Network inference; Dynamic network data clustering and aggregation; Model approximation and reduction for the purpose of control and system analysis; Mathematical systems theory; Applications in bioengineering, networks and graphs."
https://ece.illinois.edu/about/directory/faculty/beck3,C. L. Beck,Network Systems Group,,"Research Interests: Control and optimization; Epidemic processes over networks; Network inference; Dynamic network data clustering and aggregation; Model approximation and reduction for the purpose of control and system analysis; Mathematical systems theory; Applications in bioengineering, networks and graphs."
https://ece.illinois.edu/about/directory/faculty/belabbas,Mohamed Ali Belabbas,Coordinated Science Laboratory,,"My research interests are in control theory and dynamical systems. I focus on geometric and stochastic control, with their applications to networked systems, formation control, sensor and actuator design, motion planning, robotics and learning."
https://ece.illinois.edu/about/directory/faculty/jbernhar,Jennifer Bernhard,Wireless Communication and Antenna Research Group,,Prof. Bernhard's research addresses applications-oriented electromagnetic problems with an emphasis on theoretical analysis and experimental investigation. Her research group focuses on two areas: Electromagnetics for Wireless Communication and Reconfigurable Active and Passive Antennas.
https://ece.illinois.edu/about/directory/faculty/boppart,S. A. Boppart,Biophotonics Imaging Laboratory,,"translating them into clinical applications, and driving them toward commercialization for improving healthcare."
https://ece.illinois.edu/about/directory/faculty/boses,Subhonmesh Bose,Electrical & Computer Engineering Lab,,"Research Interests: Transportation Electrification, Coordination of Distributed Energy Resources, Electricity Market Design with Renewables, Nonstationary Reinforcement Learning, Data-Driven Analysis and Control of Dynamical Systems."
https://ece.illinois.edu/about/directory/faculty/ybresler,Yves Bresler,Bresler Lab,,My current research addresses three main areas: 1) Statistical and Machine Learning (including deep neural networks) for inverse problems in imaging.
https://ece.illinois.edu/about/directory/faculty/ybresler,Yves Bresler,Bioengineering and Imaging Lab,,My current research addresses three main areas: 1) Statistical and Machine Learning (including deep neural networks) for inverse problems in imaging.
https://ece.illinois.edu/about/directory/faculty/cangella,Andreas Cangellaris,Electromagnetics Lab,,"Professor Cangellaris' research interests are in the area of theoretical and applied electromagnetism with special focus on the advancement of modeling methodologies and the development of computer-aided design tools in support of performance analysis and noise-aware design of high-frequency/high-speed integrated electronic components, circuits and systems."
https://ece.illinois.edu/about/directory/faculty/cangella,Andreas Cangellaris,MEMS Research Group,,"Professor Cangellaris' research interests are in the area of theoretical and applied electromagnetism with special focus on the advancement of modeling methodologies and the development of computer-aided design tools in support of performance analysis and noise-aware design of high-frequency/high-speed integrated electronic components, circuits and systems."
https://ece.illinois.edu/about/directory/faculty/qingcao2,Qing Cao,Cao Research Group,,"Cao’s interdisciplinary research focus on developing functional nanomaterials for unconventional electronic systems, high-performance logic devices, and low-cost energy harvesting."
https://ece.illinois.edu/about/directory/faculty/xuchen1,Xu Chen,Center for Advanced Electronics through Machine Learning (CAEML),,"focuses on uncertainty quantification and scientific machine learning for electronic design automation, with particular emphasis on modeling, optimization, and heterogeneous integration in microelectronic packaging and circuits."
https://ece.illinois.edu/about/directory/faculty/yunsheng,Yun-Sheng Chen,Beckman Institute for Advanced Science and Technology,,"Research Topics: Biomedical imaging, Nanotechnology, Electronics, Plasmonics, and Photonics, Medical imaging, Nanomedicine and bio-nanotechnology"
https://ece.illinois.edu/about/directory/faculty/yunsheng,Yun-Sheng Chen,Department of Electrical and Computer Engineering,,"Research Topics: Biomedical imaging, Nanotechnology, Electronics, Plasmonics, and Photonics, Medical imaging, Nanomedicine and bio-nanotechnology"
https://ece.illinois.edu/about/directory/faculty/w-chew,W. C. Chew,Electromagnetics Lab,https://ece.illinois.edu/,Prof. Chew's research interest is in computational electromagnetics and fast computational algorithms for solving electromagnetic scattering and multiphysics problems.
https://ece.illinois.edu/about/directory/faculty/hyungsoo,Hyungsoo Choi,Hyungsoo Choi's Research Group,,Targeted Delivery and Controlled Release of Therapeutics/Cells Mediated by Nano- and Micro- Spheres and Capsules
https://ece.illinois.edu/about/directory/faculty/choquett,Kent D. Choquette,Photonic Device Research Group,https://ece.illinois.edu/about/directory/faculty/choquett,"The Photonic device research group is involved in the study of semiconductor photonic and optoelectronic device physics, fabrication technologies, and systems with a strong emphasis on vertical cavity surface emitting lasers (VCSELs)."
https://ece.illinois.edu/about/directory/faculty/rchu,Rongming Chu,Chu Laboratory,https://publish.illinois.edu/chulab/,We are developing the GaN super-heterojunction device structure to extend the voltage handling up to 10 kV and down to sub-100 V.
https://ece.illinois.edu/about/directory/faculty/corey1,Ryan Corey,Listening Technology Lab,,My research is on audio and acoustic signal processing for human listening technologies such as hearing aids and augmented reality.
https://ece.illinois.edu/about/directory/faculty/bcunning,B. T. Cunningham,Cunningham Lab,,"We apply advanced modeling techniques such as Rigorous Coupled Wave Analysis (RCWA) and Finite Difference Time Domain (FDTD) to model, design, and understand optical phenomena within photonic crystals and related devices."
https://ece.illinois.edu/about/directory/faculty/jdallesa,John M. Dallesasse,Advanced Semiconductor Device and Integration Group,,"Research Interests: Compound Semiconductor Materials & Devices, Heterogeneous Integration and Novel Processing Technologies, Transistor Lasers and Light Emitting Transistors, Photonic Integration & Silicon Photonics."
https://ece.illinois.edu/about/directory/faculty/dokmanic,Ivan Dokmanic,Coordinated Science Laboratory,,"My research interests lie at the intersection of signal processing, machine learning, and applied inverse problems, often involving sound."
https://ece.illinois.edu/about/directory/faculty/roydong,Roy Dong,Cyber-Physical Systems Lab,,"Research Interests: data manipulation, incentive design, and privacy. Game theory. Cyber-physical systems."
https://ece.illinois.edu/about/directory/faculty/roydong,Roy Dong,Game Theory Research Group,,"Research Interests: data manipulation, incentive design, and privacy. Game theory. Cyber-physical systems."
https://ece.illinois.edu/about/directory/faculty/yiwen,Yiwen Dong,Ubiquitous Health Intelligence Lab,,"Research Interests: Gait & Mobility Analysis, Human-Centered Cyber-Physical Systems, Smart Built Environment, AI for Health, Multimodal Sensing (Sound, Vibration, Computer Vision, etc.)"
https://ece.illinois.edu/about/directory/faculty/p-dragic,P. Dragic,Optical Fiber Laboratory,,Three specific examples of current multidisciplinary projects include: 1) Hypersonic acoustic wave engineering of glass optical fiber 2) Bridging a gap between next generation laser sources and active sensing systems such as LIDAR 3) Designing glasses and optical materials for novel optical fiber and waveguide applications including distributed sensing
https://ece.illinois.edu/about/directory/faculty/jgeden,J. Gary Eden,Laboratory for Optical Physics and Engineering,,"Professor Eden is Director of the Laboratory for Optical Physics and Engineering, a laboratory devoted to the study and applications of the interaction of visible and ultraviolet radiation with matter."
https://ece.illinois.edu/about/directory/faculty/etesami1,S.R. Etesami,Coordinated Science Laboratory,,"Research Areas: Dynamic games and decision theory, Networked control systems"
https://ece.illinois.edu/about/directory/faculty/kfang3,Kejie Fang,Fang Research Group,,"Research in Fang group focuses on study of light-matter interactions at micro- and nano-scales. Guided by exploratory theories, research emphasis is given to device demonstrations and multi-scale integrations for applications in classical and quantum information processing, quantum sensing, and quantum networking."
https://ece.illinois.edu/about/directory/faculty/fellouri,Georgios Fellouris,Department of Statistics,,"Georgios Fellouris, Associate Professor, Statistics"
https://ece.illinois.edu/about/directory/faculty/mfeng,Mark Feng,High Speed Device and Integrated Circuits (HSIC) group,,"Research Interests: Microelectronics and Photonics :(1)THz HBT and HEMT devices, modelling and Mixed Signal ICs, (2) High Speed CMOS Devices, Modelling and Design ICs, (3) Transistor Laser and VCTL Photonics ICs (4) 50 to 200 Gb/s VCSEL and VCTL Optical Interconnect."
https://ece.illinois.edu/about/directory/faculty/frankeh,Hubertus Franke,WINLAB,,"At IBM Research he conducts and manages research in the area of computer architecture, operating systems, cloud, HPC and middleware."
https://ece.illinois.edu/about/directory/faculty/jugao,Ju Gao,Quantum Information Processing Lab,,"Research Topics: Quantum Information Processing, Storage and conversion"
https://ece.illinois.edu/about/directory/faculty/cgardner,Chet Gardner,Electro-Optic Systems Laboratory,,"Dr. Gardner’s scientific and engineering research has concentrated on optical communications, adaptive imaging, and laser remote sensing (lidar). This work has included the development of novel new techniques and instruments, as well as important scientific studies of atmospheric dynamics, chemistry, and climate change."
https://ece.illinois.edu/about/directory/faculty/matthewg,Matthew Gilbert,Quantum Transport Theory Group,https://ece.illinois.edu/about/directory/faculty/matthewg,My group is concerned with primarily with theoretically elucidating new phenomena in emergent condensed matter systems with the goal of developing new types of nanoelectronic devices and functionality.
https://ece.illinois.edu/about/directory/faculty/lgoddard,L. L. Goddard,Photonic Systems Laboratory,,"My research group, the Photonic Systems Laboratory, studies the ways that light, and lasers in particular, can be used for sensing and measurement, communications, and data processing."
https://ece.illinois.edu/about/directory/faculty/goldschm,Elizabeth Goldschmidt,Goldschmidt Research Group,,Professor Goldschmidt's lab studies quantum light-matter interactions with atom-like emitters in solids for applications in quantum information technologies.
https://ece.illinois.edu/about/directory/faculty/songbin,Songbin Gong,Integrated RF micro-systems Research Group,,Research Interests RF and microwave photonics Antennas for communication and wireless sensing Microwave acoustics Millimeter wave integrated circuits Microwave devices and circuits Reconfigurable RF and microwave systems Micro-Electro-Mechanical Systems
https://ece.illinois.edu/about/directory/faculty/ggradoni,Gabriele Gradoni,Electromagnetic Compatibility Lab,,"My research interests span electromagnetic wave modelling, statistical electromagnetics, wave chaos, metasurfaces, wireless propagation, and emerging quantum-assisted communication technologies."
https://ece.illinois.edu/about/directory/faculty/ggradoni,Gabriele Gradoni,Computational Electromagnetics Group,,"My research interests span electromagnetic wave modelling, statistical electromagnetics, wave chaos, metasurfaces, wireless propagation, and emerging quantum-assisted communication technologies."
https://ece.illinois.edu/about/directory/faculty/gross,George Gross,Electrical and Computer Engineering Department,,Research Interests: Large-scale system analysis and computing. Energy economics; effective bio-fuel applications for electricity; Electricity planning and analysis; power system operations;...
https://ece.illinois.edu/about/directory/faculty/vgruev,Viktor Gruev,BioSensors Lab,,"Research Areas: Analog integrated circuits, Biosensors and bioelectronics, Circuits"
https://ece.illinois.edu/about/directory/faculty/chadjic,Chris Hadjicostis,Distributed Control Systems Lab,,"Dr. Hadjicostis' research focuses on computational and signal processing architectures, data networks, and dynamic and discrete event systems."
https://ece.illinois.edu/about/directory/faculty/chadjic,Chris Hadjicostis,Network Security Research Group,,"Dr. Hadjicostis' research focuses on computational and signal processing architectures, data networks, and dynamic and discrete event systems."
https://ece.illinois.edu/about/directory/faculty/l-haken,Lippold Haken,Music Technology Lab,,both guided learning in structured courses as well as independent project experience are important for our undergraduates.
https://ece.illinois.edu/about/directory/faculty/han51,Aiguo Han,Bioacoustics Research Laboratory,,"Research Interests: Quantitative ultrasound imaging, Machine learning applications in medical imaging, Biomedical imaging, Ultrasound brain imaging, Liver fat quantification using ultrasound, Cancer diagnostics using ultrasound, Preterm birth risk assessment using ultrasound."
https://ece.illinois.edu/about/directory/faculty/hanumolu,Pavan Kumar Hanumolu,Integrated Circuits and Systems Group,,"Research Areas: Circuits; Research Topics: Artificial Intelligence and Autonomous Systems, Computational science and engineering, Data/Information Science and Systems, Electronics, Plasmonics, and Photonics, Energy, Micro & nanoelectromechanical M/NEMS integrated systems, Photonics: optical engineering and systems, RF and microwave engineering, Sensing systems, Storage and conversion, Wearable and mobile computing."
https://ece.illinois.edu/about/directory/faculty/kharan,Kiruba Haran,Grainger Center for Electric Machinery and Electromechanics,,Dr. Haran moved to Illinois after spending thirteen years at GE Research working on electrical machines for applications ranging from power generation to aviation.
https://ece.illinois.edu/about/directory/faculty/kharan,Kiruba Haran,POETS Engineering Research Center,,Dr. Haran moved to Illinois after spending thirteen years at GE Research working on electrical machines for applications ranging from power generation to aviation.
https://ece.illinois.edu/about/directory/faculty/hillmer,Philip Hillmer,Department of Electrical and Computer Engineering,,The primary course for which I have been give instructional oversight is entitled Ethics and Engineering — ECE/Philosophy 316.
https://ece.illinois.edu/about/directory/faculty/hillmer,Philip Hillmer,Department of Philosophy,,The primary course for which I have been give instructional oversight is entitled Ethics and Engineering — ECE/Philosophy 316.
https://ece.illinois.edu/about/directory/faculty/axelh,Axel Hoffmann,Hoffmann Research Group,,"His research interests encompass a wide variety of magnetism related subjects, including basic properties of magnetic heterostructures, spin-transport in novel geometries, and magnetization dynamics."
https://ece.illinois.edu/about/directory/faculty/bhorst,Bob Horst,Department of Electrical and Computer Engineering,,"Research Areas: Computer architecture, Fault tolerance and reliability, Parallel processing, Robotics, Sensors."
https://ece.illinois.edu/about/directory/faculty/w-hwu,Wen-mei Hwu,Parallel Computing Lab,,"Research Interests: Architecture, microarchitecture, libraries, and programming tools for parallel cognitive computing systems."
https://ece.illinois.edu/about/directory/faculty/rilie,Raluca Ilie,Space Weather Prediction Lab,,space weather prediction is critical to forewarning of solar events that could generate severe space weather at Earth.
https://ece.illinois.edu/about/directory/faculty/j-jin1,Jianming Jin,Electromagnetics Laboratory,,"Research Interests: Computational electromagnetics, multi-physics modeling, finite element methods, bioelectromagnetics (magnetic resonance imaging and electromagnetic hyperthermia), wave scattering and propagation, electromagnetic interference and compatibility, microwave and millimeter-wave circuits, interconnects and signal integrity, optoelectronics and photonics, wireless communications, antennas and electromagnetic theory."
https://ece.illinois.edu/about/directory/faculty/j-jin1,Jianming Jin,Center for Computational Electromagnetics,,"Research Interests: Computational electromagnetics, multi-physics modeling, finite element methods, bioelectromagnetics (magnetic resonance imaging and electromagnetic hyperthermia), wave scattering and propagation, electromagnetic interference and compatibility, microwave and millimeter-wave circuits, interconnects and signal integrity, optoelectronics and photonics, wireless communications, antennas and electromagnetic theory."
https://ece.illinois.edu/about/directory/faculty/farzadk,Farzad Kamalabadi,Kamalabadi Research Group,,"Research Interests: Remote sensing and imaging, Signal and image processing, Computational imaging and Inverse problems, Statistical learning and inference, Space physics."
https://ece.illinois.edu/about/directory/faculty/kani,Nickvash Kani,Mathematical Language Processing Group,,"It is reasoning; it is the ability to see that if A=B and B=C, then A must equal C. Mathematics is the language of axiomatic knowledge, and by focusing on mathematical literature, we can generate knowledge axioms from unlabeled literature."
https://ece.illinois.edu/about/directory/faculty/hyunseok,Hyunseok Kim,Hyunseok Kim Research Group,,Research Interests: Low-dimensional materials and thin films for microelectronics and photonics; 3D heterogeneous integration technology
https://ece.illinois.edu/about/directory/faculty/joohyung,Joohyung Kim,Kinetic Intelligent Machine LAB,,Research Interests Humanoid Motion and Behavior Task/Data-driven Robot Design and Motion Control Embodied AI Human Robot Interaction
https://ece.illinois.edu/about/directory/faculty/kevinkim,Kevin Kim,Thin Film and Charged Particle Research Lab,,"Research Interests: Syntheses and Study of Tailored Organometallic, Inorganic and Polymeric Precursors for Sol-Gel Processing, Charged Liquid Cluster Beam Deposition and Chemical Vapor Deposition."
https://ece.illinois.edu/about/directory/faculty/kindrtnk,Volodymyr Kindratenko,Center for Artificial Intelligence Innovation,,"My research interests include high-performance computing, special-purpose computing architectures, AI and machine learning systems and applications."
https://ece.illinois.edu/about/directory/faculty/wpk,Bill King,Nanoengineering Laboratory,,"The Nanoengineering Laboratory works across the technical areas of nanotechnology, instrumentation, materials science, thermal transport, and micro- and nano-manufacturing."
https://ece.illinois.edu/about/directory/faculty/kizildag,Eren Kizildag,Department of Statistics,,"My research is a mix of probability, statistics and data science, and computer science. I am particularly interested in understanding statistical-computational trade-offs in large scale random models, including random optimization problems and statistical inference models."
https://ece.illinois.edu/about/directory/faculty/kizildag,Eren Kizildag,Department of Electrical and Computer Engineering,,"My research is a mix of probability, statistics and data science, and computer science. I am particularly interested in understanding statistical-computational trade-offs in large scale random models, including random optimization problems and statistical inference models."
https://ece.illinois.edu/about/directory/faculty/krein,P. T. Krein,Grainger Center for Electric Machinery and Electromechanics,http://ceme.ece.illinois.edu,"Research at Illinois in this area seeks to identify the best methods, best materials, and best engineering practices for the conversion and control of electrical energy."
https://ece.illinois.edu/about/directory/faculty/erhan,Erhan Kudeki,Ionospheric Radar Laboratory,,"Projects in ionospheric radar signal processing for students with ECE 310, 313 and 350 background."
https://ece.illinois.edu/about/directory/faculty/kwiat,Paul G. Kwiat,Quantum Optics Lab,,"In our quantum optics lab, we use photons to investigate a range of topics from foundations of quantum mechanics (such as tests of nonlocality, the quantum Zeno effect, and so forth) to quantum cryptography (enabling for the first time provable unconditional security), communication (including 'teleportation'), and computation (investigating simple quantum logic, algorithms, and decoherence-defeating measures)."
https://ece.illinois.edu/about/directory/faculty/fanlam1,Fan Lam,Biomedical Imaging Lab,,Research Interests: Neuroimaging technologies and applications; Computational imaging and machine learning; Mass spectrometry imaging; Magnetic resonance imaging; Biomedical imaging.
https://ece.illinois.edu/about/directory/faculty/cflandes,Christy Landes,Landes Research Group,,Develop new spectroscopic data acquisition and analysis methods to image dynamics at nanoscale interfaces.
https://ece.illinois.edu/about/directory/faculty/jleburto,Jean-Pierre Leburton,Computational Electronics Group,,"His research focuses more specifically on transport and optical processes in semiconductor nanostructures such as quantum wells, quantum wires and quantum dots."
https://ece.illinois.edu/about/directory/faculty/jleburto,Jean-Pierre Leburton,Beckman Institute,,"His research focuses more specifically on transport and optical processes in semiconductor nanostructures such as quantum wells, quantum wires and quantum dots."
https://ece.illinois.edu/about/directory/faculty/mllee,Minjoo Lawrence Lee,Lee Group,,"Research Areas: Microelectronics and Photonics, Nano-materials, Quantum nanostructures for electronics and photonics, Semiconductor electronic devices, Semiconductor lasers and photonic devices, Semiconductor materials."
https://ece.illinois.edu/about/directory/faculty/mllee,Minjoo Lawrence Lee,HMNTL,,"Research Areas: Microelectronics and Photonics, Nano-materials, Quantum nanostructures for electronics and photonics, Semiconductor electronic devices, Semiconductor lasers and photonic devices, Semiconductor materials."
https://ece.illinois.edu/about/directory/faculty/chushan,Chushan Li,Power Electronics Lab,,"Research Areas: Electric transportation, High-performance switching power converters, Power electronics"
https://ece.illinois.edu/about/directory/faculty/chushan,Chushan Li,Electric Transportation Lab,,"Research Areas: Electric transportation, High-performance switching power converters, Power electronics"
https://ece.illinois.edu/about/directory/faculty/xiuling,Xiuling Li,Xiuling Li's research group,,"Invention of Metal Assisted Chemical Etching (MacEtch) for high aspect ratio semiconductor nanostructure fabrication, with >11 issued patents and more pending."
https://ece.illinois.edu/about/directory/faculty/yl101,Yingying Li,Coordinated Science Laboratory,,"My research lies in the intersection of statistical/reinforcement learning, control, and optimization."
https://ece.illinois.edu/about/directory/faculty/yl101,Yingying Li,Department of Electrical and Computer Engineering,,"My research lies in the intersection of statistical/reinforcement learning, control, and optimization."
https://ece.illinois.edu/about/directory/faculty/yl101,Yingying Li,Department of Mechanical Science and Engineering,,"My research lies in the intersection of statistical/reinforcement learning, control, and optimization."
https://ece.illinois.edu/about/directory/faculty/z-liang,Zhi-Pei Liang,Beckman Institute for Advanced Science and Technology,,"Research Interests: Pattern recognition, parameter estimation, and machine learning. Image formation theory and algorithms. Magnetic resonance imaging and spectroscopy."
https://ece.illinois.edu/about/directory/faculty/z-liang,Zhi-Pei Liang,Department of Bioengineering,,"Research Interests: Pattern recognition, parameter estimation, and machine learning. Image formation theory and algorithms. Magnetic resonance imaging and spectroscopy."
https://ece.illinois.edu/about/directory/faculty/jingbol,Jingbo Liu,Department of Statistics,,"His research interests include signal processing, information theory, coding theory, high dimensional statistics, and the related fields."
https://ece.illinois.edu/about/directory/faculty/jingbol,Jingbo Liu,Department of Electrical and Computer Engineering,,"His research interests include signal processing, information theory, coding theory, high dimensional statistics, and the related fields."
https://ece.illinois.edu/about/directory/faculty/vlorenz,Virginia O. Lorenz,Lorenz Research Group,,"her research group currently focuses on a variety of areas in quantum optics: quantum networks, quantum memories, photonic quantum sources, quantum sensing."
https://ece.illinois.edu/about/directory/faculty/vlorenz,Virginia O. Lorenz,Quantum Network Group,,"her research group currently focuses on a variety of areas in quantum optics: quantum networks, quantum memories, photonic quantum sources, quantum sensing."
https://ece.illinois.edu/about/directory/faculty/lyding,Lyding,Nanotechnology Research Group,,Undergraduate Research Opportunities: Our group regularly involves undergraduate researchers in nanotechnology projects aimed at gaining an atomic level understanding of important phenomena that govern the development of nanoelectronic devices.
https://ece.illinois.edu/about/directory/faculty/jmakela,Jonathan Makela,Makela Research Group,,Prof. Makela's research interests lie in multi-technique remote sensing of the Earth's upper atmosphere.
https://ece.illinois.edu/about/directory/faculty/mehtapg,Prashant G. Mehta,Controlled Interacting Particle Systems Lab,,Professor Prashant Mehta's research focus is broadly in two areas - (I) Controlled interacting particle systems where the emphasis is on developing particle-based algorithms for nonlinear estimation and mean-field optimal control.
https://ece.illinois.edu/about/directory/faculty/amirono2,Andrey Mironov,Laboratory for Optical Physics and Engineering,,"Dr. Mironov has conducted research in the areas of laser physics, nano-optics and materials, optical physics, and photochemical materials fabrication for more than 10 years."
https://ece.illinois.edu/about/directory/faculty/tmoon,Thomas Moon,Thomas Moon's Research Group,,"Research Interests: Engineering Education, Internet of Things, Signal Processing, mmWave Radar, Wireless Sensing."
https://ece.illinois.edu/about/directory/faculty/pmoulin,Pierre Moulin,Image and Video Processing Lab,,"Research Interests: Image and Video Processing, Machine Learning, Compression, Recognition, Statistical Signal Processing, Statistical Learning, Information Theory, Information Hiding, Security"
https://ece.illinois.edu/about/directory/faculty/pmoulin,Pierre Moulin,Statistical Signal Processing Group,,"Research Interests: Image and Video Processing, Machine Learning, Compression, Recognition, Statistical Signal Processing, Statistical Learning, Information Theory, Information Hiding, Security"
https://ece.illinois.edu/about/directory/faculty/msn,Mark Neubauer,Neubauer Group,,Professor Neubauer's Group is developing electronics for the ATLAS Fast Hardware Tracker (FTK) system which will provide high-quality tracks from the silicon hit information for use in trigger decision and downstream processing.
https://ece.illinois.edu/about/directory/faculty/msn,Mark Neubauer,ATLAS Collaboration,,Professor Neubauer's Group is developing electronics for the ATLAS Fast Hardware Tracker (FTK) system which will provide high-quality tracks from the silicon hit information for use in trigger decision and downstream processing.
https://ece.illinois.edu/about/directory/faculty/nies,Shuming Nie,Shuming Nie Lab,,"Research Interests: Surgical AI and Autonomous Surgery, Image-Guided and Robotic Surgery, In-vivo and Intraoperative Molecular Imaging, Cancer Nanomedicine, Nanovaccines, and Immunotherapy, Semiconductor Quantum Dots and Perovskite Nanocrystal."
https://ece.illinois.edu/about/directory/faculty/nies,Shuming Nie,Center for mRNA Delivery and Cancer Immunotherapy,,"Research Interests: Surgical AI and Autonomous Surgery, Image-Guided and Robotic Surgery, In-vivo and Intraoperative Molecular Imaging, Cancer Nanomedicine, Nanovaccines, and Immunotherapy, Semiconductor Quantum Dots and Perovskite Nanocrystal."
https://ece.illinois.edu/about/directory/faculty/wdo,"Bill O'Brien, Jr.",Ultrasonic Bioengineering and Biophysics Lab,,Current and former research projects include (1) the assessment of ultrasonic imaging quantities to evaluate tissue and fluid motion and tissue elastic properties; (2) the in vivo assessment of ultrasonic energy in utero in humans... (6) the role of quantitative ultrasonic propagation properties to evaluate human wound healing processes...
https://ece.illinois.edu/about/directory/faculty/oelze,Michael L. Oelze,Bioacoustics Research Laboratory,https://www.brl.uiuc.edu,"His fields of professional interest are quantitative ultrasound imaging, cancer diagnosis using ultrasound, treatment monitoring using quantitative ultrasound, the development of novel beamforming techniques and super resolution, machine learning for diagnostic ultrasound."
https://ece.illinois.edu/about/directory/faculty/sjinpark,Sung-Jin Park,Laboratory for Optical Physics and Engineering,,"Research Interests: Ozone Technology and Applications, MEMs, Lighting and Display, UV and VUV technology, Plasma Chemistry, Low Temperature Plasma, Microplasma Science and Technology"
https://ece.illinois.edu/about/directory/faculty/jhpatel,Janak H Patel,VLSI Testing and Testability Lab,,"Research Interests: VLSI Testing and Testability, VLSI Design Automation. Research Areas: Computer aided design, Computer aided design of integrated circuits, Computer architecture, Digital integrated circuits, Hardware systems, Hardware verification and testing."
https://ece.illinois.edu/about/directory/faculty/jhpatel,Janak H Patel,VLSI Design Automation Lab,,"Research Interests: VLSI Testing and Testability, VLSI Design Automation. Research Areas: Computer aided design, Computer aided design of integrated circuits, Computer architecture, Digital integrated circuits, Hardware systems, Hardware verification and testing."
https://ece.illinois.edu/about/directory/faculty/zvpeng,Zhen Peng,Peng Research Group,,Prof. Peng is currently looking for graduate students joining his research group.
https://ece.illinois.edu/about/directory/faculty/chaoqian,Chao Qian,ZJU-UIUC Institute,,Research: Intelligent metasurfaces; Electromagnetic scattering; Inverse design; Optical computing
https://ece.illinois.edu/about/directory/faculty/ravaioli,Umberto Ravaioli,NanoBIO Lab,,My research has focused on large scale simulation of charge transport phenomena in solid-state and soft-matter systems.
https://ece.illinois.edu/about/directory/faculty/ravaioli,Umberto Ravaioli,Computer-based Simulation Lab,,My research has focused on large scale simulation of charge transport phenomena in solid-state and soft-matter systems.
https://ece.illinois.edu/about/directory/faculty/regenwet,Michel Regenwetter,Psychology,,"Professor, University of Illinois at Urbana-Champaign, Psychology and Political Science and Electrical & Computer Engineering, 2019 - present"
https://ece.illinois.edu/about/directory/faculty/regenwet,Michel Regenwetter,Behavioral Economics,,"Professor, University of Illinois at Urbana-Champaign, Psychology and Political Science and Electrical & Computer Engineering, 2019 - present"
https://ece.illinois.edu/about/directory/faculty/jrogers,John A Rogers,Rogers Research Group,,"Research Areas: Biomedical Imaging, Bioengineering, and Acoustics; Nanotechnology"
https://ece.illinois.edu/about/directory/faculty/elyse,Elyse Rosenbaum,Center for Advanced Electronics through Machine Learning (CAEML),https://caeml.illinois.edu,"Director, Center for Advanced Electronics through Machine Learning. Aug. 2016 - present."
https://ece.illinois.edu/about/directory/faculty/cdschmit,Christopher Schmitz,WaggleNet,http://wagglenet.org,1) Promoting substantial experiential learning for undergraduates at all levels of the curriculum and 2) improving engineering education through interactions with other educators throughout the College of Engineering.
https://ece.illinois.edu/about/directory/faculty/schuh4,John K. Schuh,Electrical and Computer Engineering,https://ece.illinois.edu/,"Research Interests: Power and Energy Storage, Computational Physics, Electromechanics, Tribology"
https://ece.illinois.edu/about/directory/faculty/jesa,José E. Schutt-Ainé,High-Speed Systems Lab,,In our research group we investigate how these changes will affect the different aspects of high-speed link design. We develop modeling and simulation strategies as well as techniques for mitigating noise while reducing power.
https://ece.illinois.edu/about/directory/faculty/selvin,Paul Selvin,Institute for Genomic Biology,,"The last experiment for his thesis, for example, was measuring the torsional rigidity of DNA by looking at a fluorophore intercalated in DNA, twisting around."
https://ece.illinois.edu/about/directory/faculty/selvin,Paul Selvin,Department of Physics,,"The last experiment for his thesis, for example, was measuring the torsional rigidity of DNA by looking at a fluorophore intercalated in DNA, twisting around."
https://ece.illinois.edu/about/directory/faculty/yangshao,Yang Shao,Electromagnetic Compatibility Lab,,"Research Interests: Electromagnetic compatibility/interference (EMC/EMI), Signal and power integrity analysis (SI/PI), Computational electromagnetics (CEM), High-power microwave, and Multi-physics analysis."
https://ece.illinois.edu/about/directory/faculty/hshi10,Humphrey Shi,Image Formation and Processing Group,,"Research Interests: Computer Vision, Machine Learning, AI Systems & Applications"
https://ece.illinois.edu/about/directory/faculty/hshi10,Humphrey Shi,C3SR,,"Research Interests: Computer Vision, Machine Learning, AI Systems & Applications"
https://ece.illinois.edu/about/directory/faculty/songp,Ping Song,Ultrasound Imaging Lab,,"Research Interests: Ultrafast ultrasound imaging, Super-resolution ultrasound imaging, Functional ultrasound imaging, Deep learning, Ultrasound beamforming and signal processing, Ultrasound elastography."
https://ece.illinois.edu/about/directory/faculty/songp,Ping Song,Biomedical Ultrasound Research Group,,"Research Interests: Ultrafast ultrasound imaging, Super-resolution ultrasound imaging, Functional ultrasound imaging, Deep learning, Ultrasound beamforming and signal processing, Ultrasound elastography."
https://ece.illinois.edu/about/directory/faculty/rsree,R.S. Sreenivas,Center for Autonomous Construction and Manufacturing at Scale (CACMS),,"My current research focus lies in the analysis, control, and performance evaluation of a wide category of systems referred to as Discrete-Event/Discrete-State (DEDS) systems in the literature."
https://ece.illinois.edu/about/directory/faculty/andrewrs,Andrew R. Stillwell,Stillwell Power Group,https://stillwell.ece.illinois.edu/,We have extensive hands-on experience designing and building GaN-based switched-capacitor hardware prototypes and SiC modular converters...
https://ece.illinois.edu/about/directory/faculty/ashlynn,Dr. Ashlynn S. Stillwell,Stillwell Research Group,https://stillwell.cee.illinois.edu/,"Our work lies at the intersection of engineering and public policy, focusing on the energy-water nexus."
https://ece.illinois.edu/about/directory/faculty/bsutton,Brad Sutton,Magnetic Resonance Functional Imaging Lab,,"His research is focused on making careful measures of physiological variations (structure, function, blood flow, stiffness) in the brain across interventions, age, nutrition, development, and disease."
https://ece.illinois.edu/about/directory/faculty/bsutton,Brad Sutton,Biomedical Imaging Center,,"His research is focused on making careful measures of physiological variations (structure, function, blood flow, stiffness) in the brain across interventions, age, nutrition, development, and disease."
https://ece.illinois.edu/about/directory/faculty/swenson1,Gary R Swenson,Atmospheric and Space Remote Sensing Laboratory,,"Current research is the development of upper atmospheric research tools, including lidar, imaging, and interferometry. Application of these tools to measurements of upper atmospheric dynamics and chemistry from ground, aircraft, and spacecraft platforms."
https://ece.illinois.edu/about/directory/faculty/touri1,Behrouz Touri,Electrical and Computer Engineering,,"I am broadly interested in problems in control theory, stochastic processes and probability theory, game theory, and optimization."
https://ece.illinois.edu/about/directory/faculty/touri1,Behrouz Touri,Coordinated Science Laboratory,,"I am broadly interested in problems in control theory, stochastic processes and probability theory, game theory, and optimization."
https://ece.illinois.edu/about/directory/faculty/htu,Haohua Tu,Biomedical Imaging Lab,,"Research Areas: Biomedical imaging, Lasers and optical physics"
https://ece.illinois.edu/about/directory/faculty/vvv,V.V. Veeravalli,Cyberphysical Systems Lab,,"Veeravalli's research interests span the theoretical areas of statistical inference, machine learning, and information theory, with applications to data science, wireless communications, sensor networks and cyberphysical systems."
https://ece.illinois.edu/about/directory/faculty/vvv,V.V. Veeravalli,Wireless Communications Lab,,"Veeravalli's research interests span the theoretical areas of statistical inference, machine learning, and information theory, with applications to data science, wireless communications, sensor networks and cyberphysical systems."
https://ece.illinois.edu/about/directory/faculty/vvv,V.V. Veeravalli,Data Science and Machine Learning Lab,,"Veeravalli's research interests span the theoretical areas of statistical inference, machine learning, and information theory, with applications to data science, wireless communications, sensor networks and cyberphysical systems."
https://ece.illinois.edu/about/directory/faculty/pramodv,Pramod Viswanath,Wireless Communication Networks,,My area of research is Wireless Communication Networks. My main research interests are in understanding fundamental limitations to reliable wireless communication and to leverage this understanding into engineering solutions for wireless networks.
https://ece.illinois.edu/about/directory/faculty/lwaldrop,Lara Waldrop,Remote Sensing Lab,,"Dr. Waldrop's research addresses this need by devising novel sensing techniques to provide empirical estimation of constituent species’ temperature and density, quantities which govern the frictional drag of satellites and space debris and thus orbital trajectories and collision hazards."
https://ece.illinois.edu/about/directory/faculty/lwaldrop,Lara Waldrop,Space Physics Group,,"Dr. Waldrop's research addresses this need by devising novel sensing techniques to provide empirical estimation of constituent species’ temperature and density, quantities which govern the frictional drag of satellites and space debris and thus orbital trajectories and collision hazards."
https://ece.illinois.edu/about/directory/faculty/dwang47,Dong Kai Wang,Computer Architecture Lab,,"Research Interests: Novel Models of Computing, ML for Computer Architecture, Hardware Accelerators, CPU Microarchitecture."
https://ece.illinois.edu/about/directory/faculty/cunjiang,Cunjiang Yu,Beckman Institute for Science and Technology,,"A neuromorphic bionic eye with filter-free color vision using hemispherical perovskite nanowire array retina, Nature Communications, 14, 1972, 2023."
https://ece.illinois.edu/about/directory/faculty/cunjiang,Cunjiang Yu,Holonyak Micro and Nanotechnology Laboratory,,"A neuromorphic bionic eye with filter-free color vision using hemispherical perovskite nanowire array retina, Nature Communications, 14, 1972, 2023."
https://ece.illinois.edu/about/directory/faculty/cunjiang,Cunjiang Yu,Materials Research Laboratory,,"A neuromorphic bionic eye with filter-free color vision using hemispherical perovskite nanowire array retina, Nature Communications, 14, 1972, 2023."
https://ece.illinois.edu/about/directory/faculty/ryz,Richard Y. Zhang,Power and Energy Systems Area,,"Research Areas: Algorithms and computational complexity, Communications, Control, Machine learning, Power and Energy Systems, Signal Processing."
https://ece.illinois.edu/about/directory/faculty/yzhaoui,Yang Zhao,Yang Zhao Research Group,,"Research Areas: Bioelectromagnetics, Biomedical imaging, Biosensors and bioelectronics, Electromagnetic theory, Nano-biosystems, Nano-materials, Nano-photonics"
https://ece.illinois.edu/about/directory/faculty/zhizhenz,Zhizhen Jane Zhao,Coordinated Science Laboratory,,"Research Interests: Machine learning and data science, Imaging sciences and inverse problems, Signal processing"
https://ece.illinois.edu/about/directory/faculty/zhizhenz,Zhizhen Jane Zhao,National Center for Supercomputing Applications,,"Research Interests: Machine learning and data science, Imaging sciences and inverse problems, Signal processing"
https://ece.illinois.edu/about/directory/faculty/wjzhu,Wenjuan Zhu,Holonyak Lab,,"Research Interests: Two-dimensional (2D) materials, Ferroelectric Materials, Nano-scale electronic and photonic devices, High-temperature electronics, Microelectronics"
